#include "app_launcher_assets.h"

namespace {

constexpr uint8_t kPetGrayData[] = {
    0x00, 0x00, 0x00, 0x00, 0x00, 0x00, 0x00, 0x00, 0x00, 0x00, 0x00, 0x00,
    0x00, 0x00, 0x00, 0x00, 0x00, 0x00, 0x00, 0x00, 0x00, 0x00, 0x00, 0x00,
    0x00, 0x00, 0x00, 0x00, 0x00, 0x00, 0x00, 0x00, 0x00, 0x00, 0x00, 0x00,
    0x00, 0x00, 0x00, 0x00, 0x00, 0x00, 0x00, 0x00, 0x00, 0x00, 0x00, 0x00,
    0x00, 0x00, 0x00, 0x00, 0x00, 0x00, 0x00, 0x00, 0x00, 0x00, 0x00, 0x00,
    0x00, 0x00, 0x00, 0x00, 0x00, 0x00, 0x00, 0x00, 0x00, 0x00, 0x00, 0x00,
    0x00, 0x00, 0x00, 0x00, 0x00, 0x00, 0x00, 0x00, 0x00, 0x00, 0x00, 0x00,
    0x00, 0x00, 0x00, 0x00, 0x00, 0x00, 0x00, 0x00, 0x00, 0x00, 0x00, 0x00,
    0x00, 0x00, 0x00, 0x00, 0x00, 0x00, 0x00, 0x00, 0x00, 0x00, 0x00, 0x00,
    0x00, 0x00, 0x00, 0x00, 0x00, 0x00, 0x00, 0x00, 0x00, 0x00, 0x00, 0x00,
    0x00, 0x00, 0x00, 0x00, 0x00, 0x00, 0x00, 0x00, 0x00, 0x00, 0x00, 0x00,
    0x00, 0x00, 0x00, 0x00, 0x00, 0x00, 0x00, 0x00, 0x00, 0x00, 0x00, 0x00,
    0x00, 0x00, 0x00, 0x00, 0x00, 0x00, 0x00, 0x00, 0x00, 0x00, 0x00, 0x00,
    0x00, 0x00, 0x00, 0x00, 0x00, 0x00, 0x00, 0x00, 0x00, 0x00, 0x00, 0x04,
    0x00, 0x00, 0x00, 0x00, 0x00, 0x00, 0x00, 0x00, 0x00, 0x00, 0x00, 0x00,
    0x00, 0x60, 0x00, 0x00, 0x00, 0x00, 0x00, 0x00, 0x00, 0x03, 0x00, 0x00,
    0x00, 0x00, 0x00, 0x00, 0x00, 0x00, 0x00, 0x00, 0x00, 0x00, 0x00, 0x00,
    0x00, 0x00, 0x00, 0x00, 0x00, 0x00, 0x00, 0x01, 0x00, 0x00, 0x00, 0x00,
    0x00, 0x00, 0x00, 0x00, 0x00, 0x00, 0x00, 0x00, 0x00, 0x00, 0x00, 0x00,
    0x00, 0x00, 0x00, 0x00, 0x00, 0x80, 0x40, 0x00, 0x00, 0x00, 0x00, 0x00,
    0x00, 0x00, 0x00, 0x00, 0x00, 0x00, 0x00, 0x00, 0x00, 0x00, 0x00, 0x00,
    0x00, 0x00, 0x00, 0x80, 0x40, 0x00, 0x00, 0x00, 0x00, 0x00, 0x00, 0x00,
    0x00, 0x00, 0x00, 0x00, 0x00, 0x00, 0x00, 0x00, 0x00, 0x00, 0x00, 0x00,
    0x00, 0x80, 0x40, 0x00, 0x00, 0x00, 0x00, 0x00, 0x00, 0x00, 0x00, 0x00,
    0x00, 0x00, 0x00, 0x00, 0x00, 0x00, 0x00, 0x00, 0x00, 0x00, 0x00, 0x20,
    0x00, 0x00, 0x00, 0x00, 0x00, 0x00, 0x00, 0x00, 0x00, 0x00, 0x00, 0x00,
    0x00, 0x00, 0x00, 0x00, 0x00, 0x00, 0x00, 0x00, 0x00, 0x00, 0x00, 0x00,
    0x00, 0x00, 0x00, 0x00, 0x00, 0x00, 0x00, 0x00, 0x00, 0x00, 0x00, 0x00,
    0x00, 0x00, 0x00, 0x00, 0x00, 0x00, 0x00, 0x00, 0x00, 0x00, 0x00, 0x00,
    0x00, 0x00, 0x00, 0x00, 0x00, 0x00, 0x00, 0x00, 0x00, 0x00, 0x00, 0x00,
    0x00, 0x00, 0x00, 0x00, 0x00, 0x00, 0x00, 0x00, 0x00, 0x00, 0x00, 0x00,
    0x00, 0x00, 0x00, 0x00, 0x00, 0x00, 0x00, 0x00, 0x00, 0x00, 0x00, 0x00,
    0x00, 0x00, 0x00, 0x00, 0x00, 0x00, 0x00, 0x00, 0x00, 0x00, 0x00, 0x00,
    0x00, 0x00, 0x00, 0x00, 0x00, 0x00, 0x00, 0x00, 0x00, 0x00, 0x00, 0x00,
    0x00, 0x00, 0x00, 0x00, 0x00, 0x00, 0x00, 0x00, 0x00, 0x00, 0x00, 0x00,
    0x00, 0x00, 0x00, 0x00, 0x00, 0x00, 0x00, 0x00, 0x00, 0x00, 0x00, 0x00,
    0x00, 0x00, 0x00, 0x00, 0x00, 0x00, 0x00, 0x00, 0x00, 0x00, 0x00, 0x00,
    0x00, 0x00, 0x0B, 0x33, 0x33, 0x26, 0x4C, 0xCC, 0xCC, 0x00, 0x00, 0x00,
    0x00, 0x00, 0x00, 0x00, 0x00, 0x00, 0x00, 0x00, 0x00, 0x00, 0x00, 0x00,
    0x0B, 0x33, 0x30, 0x26, 0x4C, 0xCC, 0xCC, 0x00, 0x00, 0x00, 0x00, 0x00,
    0x00, 0x00, 0x00, 0x00, 0x00, 0x00, 0x00, 0x00, 0x00, 0x00, 0x00, 0x00,
    0x00, 0x00, 0x00, 0x00, 0x00, 0x00, 0x00, 0x00, 0x00, 0x00, 0x00, 0x00,
    0x00, 0x00, 0x00, 0x00, 0x00, 0x00, 0x00, 0x00, 0x18, 0x00, 0x13, 0x26,
    0x48, 0x00, 0xCC, 0x00, 0x00, 0x00, 0x00, 0x00, 0x00, 0x00, 0x00, 0x00,
    0x00, 0x00, 0x00, 0x00, 0x00, 0x00, 0x18, 0x00, 0x13, 0x26, 0x48, 0x00,
    0xCC, 0x00, 0x00, 0x02, 0x00, 0x00, 0x00, 0x00, 0x00, 0x00, 0x00, 0x00,
    0x00, 0x00, 0x00, 0x00, 0x00, 0x00, 0x20, 0x00, 0x00, 0x00, 0x00, 0x00,
    0x00, 0x02, 0x00, 0x00, 0x00, 0x00, 0x00, 0x00, 0x00, 0x00, 0x00, 0x00,
    0x00, 0x00, 0x00, 0x01, 0x00, 0x00, 0x00, 0x00, 0x00, 0x00, 0x00, 0x02,
    0x00, 0x00, 0x00, 0x00, 0x00, 0x00, 0x00, 0x00, 0x00, 0x40, 0x00, 0x00,
    0x10, 0x00, 0x03, 0x26, 0x40, 0x00, 0xCC, 0x00, 0x00, 0x00, 0x00, 0x00,
    0x00, 0x00, 0x00, 0x00, 0x00, 0x00, 0x00, 0x80, 0x00, 0x00, 0x00, 0x00,
    0x03, 0x26, 0x08, 0x00, 0x4C, 0x00, 0x00, 0x00, 0x00, 0x00, 0x00, 0x00,
    0x00, 0x00, 0x00, 0x00, 0x00, 0x80, 0x00, 0x00, 0x18, 0x00, 0x40, 0x00,
    0x08, 0x02, 0x40, 0x00, 0x00, 0x00, 0x00, 0x00, 0x00, 0x00, 0x00, 0x00,
    0x00, 0x00, 0x00, 0x01, 0x00, 0x00, 0x40, 0x00, 0x01, 0x26, 0x00, 0x02,
    0x08, 0x00, 0x00, 0x00, 0x00, 0x00, 0x00, 0x00, 0x00, 0x00, 0x00, 0x00,
    0x00, 0x01, 0x00, 0x00, 0x00, 0x00, 0x00, 0x20, 0x00, 0x02, 0x08, 0x00,
    0x00, 0x00, 0x00, 0x00, 0x00, 0x00, 0x00, 0x00, 0x00, 0x00, 0x00, 0x02,
    0x00, 0x00, 0x00, 0x00, 0x20, 0x00, 0x00, 0x02, 0x00, 0x00, 0x00, 0x00,
    0x00, 0x00, 0x00, 0x00, 0x00, 0x00, 0x00, 0x00, 0x00, 0x00, 0x00, 0x00,
    0x40, 0x00, 0x21, 0x26, 0x00, 0x02, 0x0C, 0x00, 0x00, 0x00, 0x00, 0x00,
    0x00, 0x00, 0x00, 0x00, 0x00, 0x00, 0x00, 0x00, 0x00, 0x00, 0x00, 0x00,
    0x20, 0x00, 0x00, 0x02, 0x00, 0x00, 0x00, 0x00, 0x00, 0x00, 0x00, 0x00,
    0x00, 0x00, 0x00, 0x00, 0x00, 0x00, 0x00, 0x00, 0x40, 0x00, 0x01, 0x25,
    0x00, 0x02, 0x0C, 0x00, 0x00, 0x00, 0x00, 0x00, 0x00, 0x00, 0x00, 0x00,
    0x00, 0x00, 0x00, 0x00, 0x00, 0x00, 0x40, 0x00, 0x01, 0x24, 0x00, 0x02,
    0x0C, 0x00, 0x00, 0x00, 0x00, 0x00, 0x00, 0x00, 0x00, 0x00, 0x00, 0x00,
    0x00, 0x00, 0x00, 0x00, 0x00, 0x00, 0x00, 0x00, 0x00, 0x02, 0x00, 0x00,
    0x00, 0x00, 0x00, 0x00, 0x00, 0x00, 0x00, 0x00, 0x00, 0x00, 0x00, 0x00,
    0x00, 0x00, 0x00, 0x00, 0x00, 0x00, 0x00, 0x02, 0x00, 0x00, 0x00, 0x00,
    0x00, 0x00, 0x00, 0x00, 0x00, 0x00, 0x00, 0x00, 0x00, 0x00, 0x06, 0x6E,
    0xC0, 0x00, 0x00, 0x22, 0x00, 0x02, 0x0D, 0xD9, 0xB0, 0x00, 0x00, 0x00,
    0x00, 0x00, 0x00, 0x00, 0x00, 0x00, 0x00, 0x00, 0x06, 0x6E, 0xC0, 0x00,
    0x00, 0x22, 0x00, 0x02, 0x0D, 0xD9, 0xB0, 0x00, 0x00, 0x00, 0x01, 0xC0,
    0x00, 0x00, 0x00, 0x00, 0x00, 0x00, 0x00, 0x00, 0x00, 0x00, 0x00, 0x00,
    0x00, 0x00, 0x00, 0x00, 0x00, 0x00, 0x00, 0x00, 0x00, 0x00, 0x00, 0x00,
    0x00, 0x00, 0x00, 0x00, 0x06, 0x68, 0xC0, 0x00, 0x01, 0x24, 0x00, 0x00,
    0x09, 0xC0, 0xB6, 0x00, 0x00, 0x00, 0x00, 0x20, 0x00, 0x00, 0x00, 0x00,
    0x00, 0x00, 0x06, 0x6C, 0xD0, 0x00, 0x00, 0x24, 0x00, 0x00, 0x4D, 0xD9,
    0xB6, 0x00, 0x00, 0x00, 0x00, 0x00, 0x00, 0x00, 0x00, 0x00, 0x00, 0x00,
    0x00, 0x00, 0x00, 0x00, 0x01, 0x04, 0x00, 0x00, 0x00, 0x00, 0x00, 0x00,
    0x00, 0x00, 0x00, 0x08, 0x00, 0x00, 0x00, 0x00, 0x00, 0x00, 0x00, 0x00,
    0x00, 0x00, 0x01, 0x04, 0x00, 0x00, 0x00, 0x00, 0x00, 0x00, 0x00, 0x00,
    0x00, 0x02, 0x00, 0x00, 0x00, 0x00, 0x00, 0x00, 0x06, 0x6C, 0xD0, 0x00,
    0x00, 0x24, 0x00, 0x00, 0xCD, 0xD9, 0xB6, 0x00, 0x00, 0x00, 0x0C, 0x00,
    0x00, 0x00, 0x00, 0x00, 0x00, 0x00, 0x06, 0x6C, 0xD0, 0x00, 0x00, 0x20,
    0x00, 0x00, 0xCD, 0xD9, 0xB6, 0x00, 0x00, 0x00, 0x00, 0x00, 0x00, 0x00,
    0x00, 0x00, 0x00, 0x00, 0x00, 0x00, 0x00, 0x00, 0x00, 0x00, 0x00, 0x00,
    0x00, 0x00, 0x00, 0x00, 0x00, 0x00, 0x00, 0x00, 0x00, 0x00, 0x00, 0x00,
    0x00, 0x00, 0x00, 0x00, 0x00, 0x00, 0x00, 0x00, 0x00, 0x00, 0x00, 0x00,
    0x00, 0x00, 0x00, 0x00, 0x00, 0x00, 0x00, 0x00, 0x00, 0x00, 0x00, 0x00,
    0x06, 0x6C, 0xD0, 0x80, 0x00, 0x20, 0x00, 0x00, 0xCD, 0xCD, 0xB6, 0x00,
    0x00, 0x00, 0x00, 0x00, 0x00, 0x00, 0x00, 0x00, 0x00, 0x00, 0x06, 0x6C,
    0xD4, 0x00, 0x00, 0x78, 0x00, 0x00, 0xCD, 0xCD, 0xB6, 0x00, 0x00, 0x00,
    0x00, 0x00, 0x00, 0x00, 0x00, 0x00, 0x00, 0x00, 0x00, 0x00, 0x00, 0x00,
    0x00, 0x00, 0x00, 0x00, 0x00, 0x00, 0x00, 0x00, 0x00, 0x00, 0x00, 0x00,
    0x00, 0x00, 0x00, 0x00, 0x00, 0x00, 0x06, 0x6C, 0xD8, 0x00, 0x00, 0x00,
    0x00, 0x00, 0xCD, 0xCD, 0xB7, 0x64, 0x00, 0x00, 0x00, 0x00, 0x00, 0x00,
    0x00, 0x00, 0x00, 0x00, 0x06, 0x6C, 0xDB, 0x00, 0x00, 0x00, 0x00, 0x00,
    0xCD, 0xCD, 0xB7, 0x66, 0xCD, 0x93, 0x00, 0x00, 0x00, 0x00, 0x00, 0x00,
    0x00, 0x00, 0x00, 0x00, 0x00, 0x00, 0x00, 0x00, 0x00, 0x00, 0x00, 0x00,
    0x00, 0x00, 0x00, 0x00, 0x00, 0x00, 0x00, 0x00, 0x00, 0x01, 0x00, 0x00,
    0x00, 0x00, 0x00, 0x00, 0x00, 0x00, 0x00, 0x04, 0x00, 0x00, 0x00, 0x00,
    0x00, 0x00, 0x00, 0x00, 0x00, 0x00, 0x00, 0x01, 0x00, 0x00, 0x06, 0x6C,
    0xD8, 0x00, 0x00, 0x00, 0x00, 0x01, 0xCD, 0xCD, 0xB6, 0x66, 0xCD, 0x93,
    0x40, 0x00, 0x00, 0x00, 0x00, 0x00, 0x00, 0x00, 0x06, 0x6C, 0xD8, 0x00,
    0x00, 0x00, 0x00, 0x00, 0x8D, 0xCD, 0xB6, 0x66, 0xCD, 0x93, 0x40, 0x00,
    0x00, 0x00, 0x00, 0x00, 0x00, 0x00, 0x00, 0x00, 0x00, 0x00, 0x00, 0x00,
    0x00, 0x00, 0x80, 0x00, 0x00, 0x00, 0x00, 0x00, 0x00, 0x00, 0x00, 0x00,
    0x00, 0x00, 0x0F, 0xE8, 0x00, 0x00, 0x0C, 0x80, 0x00, 0x00, 0x00, 0x00,
    0x00, 0x00, 0x00, 0x00, 0x28, 0x00, 0x00, 0x00, 0x00, 0x00, 0x00, 0x00,
    0x00, 0x00, 0x06, 0x6C, 0xC8, 0x80, 0x00, 0x00, 0x00, 0x00, 0x0D, 0xCD,
    0xB6, 0x60, 0x29, 0x00, 0x40, 0x00, 0x00, 0x00, 0x00, 0x00, 0x00, 0x00,
    0x06, 0x6C, 0xC1, 0x00, 0x00, 0x00, 0x00, 0x00, 0x8D, 0xCD, 0xB6, 0x60,
    0x00, 0x00, 0x40, 0x00, 0x00, 0x00, 0x00, 0x00, 0x00, 0x00, 0x00, 0x00,
    0x00, 0x00, 0x00, 0x00, 0x00, 0x00, 0x48, 0x00, 0x00, 0x00, 0x00, 0x04,
    0x00, 0x00, 0x00, 0x00, 0x00, 0x00, 0x00, 0x00, 0x06, 0x64, 0x00, 0x00,
    0x00, 0x00, 0x00, 0x00, 0x08, 0x01, 0xA0, 0x00, 0x00, 0x04, 0x00, 0x00,
    0x00, 0x00, 0x00, 0x00, 0x00, 0x00, 0x06, 0x6D, 0x00, 0x00, 0x00, 0x00,
    0x00, 0x00, 0x10, 0xCD, 0xB6, 0x10, 0x10, 0x01, 0x00, 0x00, 0x00, 0x00,
    0x00, 0x00, 0x00, 0x00, 0x06, 0x6C, 0x00, 0x00, 0x00, 0x00, 0x00, 0x00,
    0x10, 0xCD, 0xB6, 0x10, 0x00, 0x01, 0x00, 0x00, 0x00, 0x00, 0x00, 0x00,
    0x00, 0x00, 0x60, 0x00, 0x00, 0x00, 0x00, 0x00, 0x00, 0x00, 0x08, 0x00,
    0x00, 0x10, 0x00, 0x01, 0x00, 0x00, 0x00, 0x00, 0x00, 0x00, 0x00, 0x00,
    0x66, 0x6C, 0x00, 0x00, 0x00, 0x00, 0x00, 0x00, 0x08, 0x6D, 0xB7, 0x10,
    0x00, 0x01, 0x00, 0x00, 0x00, 0x00, 0x00, 0x00, 0x00, 0x00, 0x06, 0x69,
    0x00, 0x00, 0x00, 0x00, 0x00, 0x00, 0x08, 0x6D, 0xB6, 0x10, 0x00, 0x01,
    0x00, 0x00, 0x00, 0x00, 0x00, 0x00, 0x00, 0x36, 0x60, 0x00, 0x00, 0x00,
    0x00, 0x00, 0x00, 0x00, 0x00, 0x00, 0x00, 0x00, 0x00, 0x00, 0x00, 0x00,
    0x00, 0x00, 0x00, 0x00, 0x00, 0x36, 0x60, 0x00, 0x00, 0x00, 0x00, 0x00,
    0x00, 0x00, 0x00, 0x00, 0x00, 0x20, 0x00, 0x00, 0x00, 0x00, 0x00, 0x00,
    0x00, 0x00, 0x00, 0x00, 0x66, 0x6C, 0x00, 0x00, 0x00, 0x00, 0x00, 0x00,
    0x00, 0x2D, 0xB3, 0x60, 0x00, 0x00, 0x00, 0x00, 0x00, 0x00, 0x00, 0x00,
    0x00, 0x00, 0x66, 0x6C, 0x00, 0x00, 0x00, 0x00, 0x00, 0x00, 0x00, 0x2D,
    0xB3, 0x40, 0x00, 0x00, 0x00, 0x00, 0x00, 0x00, 0x00, 0x00, 0x00, 0x36,
    0x60, 0x04, 0x00, 0x00, 0x00, 0x00, 0x00, 0x00, 0x00, 0x00, 0x00, 0x00,
    0x00, 0x02, 0x00, 0x00, 0x00, 0x00, 0x00, 0x00, 0x00, 0x36, 0x66, 0x74,
    0x00, 0x00, 0x00, 0x00, 0x00, 0x00, 0x00, 0x2D, 0xB3, 0x64, 0x00, 0x01,
    0x00, 0x00, 0x00, 0x00, 0x00, 0x00, 0x00, 0x00, 0x06, 0x74, 0x00, 0x01,
    0xE0, 0x00, 0x00, 0x00, 0x00, 0x2D, 0xB3, 0x64, 0x00, 0x01, 0x00, 0x00,
    0x00, 0x00, 0x00, 0x00, 0x00, 0x00, 0x00, 0x04, 0x00, 0x00, 0x00, 0x00,
    0x00, 0x00, 0x00, 0x00, 0x00, 0x00, 0x00, 0x00, 0x00, 0xE0, 0x00, 0x00,
    0x00, 0x00, 0x00, 0x36, 0x66, 0x44, 0x00, 0x00, 0x00, 0x00, 0x00, 0x00,
    0x00, 0x20, 0x03, 0x66, 0x00, 0x1B, 0x00, 0x00, 0x00, 0x00, 0x00, 0x00,
    0x00, 0x36, 0x66, 0x44, 0x00, 0x00, 0x00, 0x00, 0x00, 0x00, 0x00, 0x20,
    0x03, 0x66, 0x06, 0x59, 0x00, 0x00, 0x00, 0x00, 0x00, 0x00, 0x00, 0x00,
    0x00, 0x14, 0x00, 0x00, 0x00, 0x20, 0x00, 0x00, 0x00, 0x00, 0x02, 0x00,
    0x90, 0x00, 0x00, 0x01, 0x00, 0x00, 0x00, 0x00, 0x00, 0x36, 0x66, 0x14,
    0x00, 0x00, 0x00, 0x20, 0x00, 0x00, 0x00, 0x00, 0x02, 0x66, 0xC0, 0x9B,
    0x00, 0x00, 0x00, 0x00, 0x00, 0x00, 0x00, 0x36, 0x66, 0x04, 0x00, 0x00,
    0x00, 0x20, 0x00, 0x00, 0x04, 0x00, 0x00, 0x66, 0xC6, 0x9B, 0x00, 0x80,
    0x00, 0x00, 0x00, 0x00, 0x00, 0x00, 0x00, 0x04, 0x00, 0x00, 0x00, 0x20,
    0x00, 0x00, 0x08, 0x10, 0x00, 0x00, 0x00, 0x00, 0x00, 0x00, 0x00, 0x00,
    0x00, 0x00, 0x00, 0x10, 0x66, 0x74, 0x00, 0x00, 0x00, 0x20, 0x40, 0x00,
    0x08, 0x00, 0x00, 0x66, 0xCD, 0x9B, 0x00, 0x00, 0x00, 0x00, 0x00, 0x00,
    0x00, 0x36, 0x66, 0x70, 0x00, 0x00, 0x00, 0x02, 0x00, 0x00, 0x08, 0x00,
    0x00, 0x66, 0xCD, 0x9B, 0x00, 0x00, 0x00, 0x00, 0x00, 0x00, 0x00, 0x00,
    0x00, 0x00, 0x00, 0x00, 0x00, 0x02, 0x00, 0x00, 0x08, 0x00, 0x00, 0x00,
    0x00, 0x00, 0x00, 0x00, 0x00, 0x00, 0x00, 0x00, 0x00, 0x00, 0x00, 0x01,
    0x00, 0x00, 0x00, 0x00, 0x00, 0x00, 0x20, 0x00, 0x00, 0x00, 0x00, 0x00,
    0x00, 0x00, 0x00, 0x00, 0x00, 0x00, 0x00, 0x06, 0x66, 0x6E, 0x00, 0x00,
    0x00, 0x00, 0x00, 0x00, 0x20, 0x00, 0x00, 0x66, 0xCD, 0x9B, 0x00, 0x00,
    0x00, 0x00, 0x00, 0x00, 0x00, 0x06, 0x66, 0x6E, 0x00, 0x00, 0x00, 0x00,
    0x00, 0x00, 0x20, 0x00, 0x00, 0x66, 0xCD, 0x9B, 0x00, 0x00, 0x00, 0x00,
    0x00, 0x00, 0x00, 0x00, 0x00, 0x00, 0x00, 0x00, 0x00, 0x00, 0x00, 0x00,
    0x00, 0x00, 0x08, 0x00, 0x00, 0x00, 0x00, 0x80, 0x00, 0x00, 0x00, 0x00,
    0x00, 0x00, 0x02, 0x6E, 0x00, 0x00, 0x00, 0x00, 0x00, 0x00, 0x80, 0x00,
    0x08, 0x66, 0xCD, 0x9B, 0x00, 0x00, 0x00, 0x00, 0x00, 0x00, 0x00, 0x00,
    0x06, 0x6E, 0x01, 0x00, 0x00, 0x00, 0x00, 0x00, 0x00, 0x00, 0x02, 0x66,
    0xCD, 0x9B, 0x00, 0x00, 0x00, 0x00, 0x00, 0x00, 0x00, 0x00, 0x06, 0x2E,
    0x41, 0x00, 0x00, 0x00, 0x00, 0x00, 0x00, 0x00, 0x02, 0x62, 0xCD, 0x9B,
    0x00, 0x80, 0x00, 0x00, 0x00, 0x00, 0x00, 0x00, 0x00, 0x00, 0x04, 0x00,
    0x00, 0x00, 0x00, 0x00, 0x00, 0x00, 0x00, 0x00, 0x00, 0x00, 0x00, 0x00,
    0x00, 0x00, 0x00, 0x00, 0x00, 0x00, 0x02, 0x6E, 0x68, 0x00, 0x00, 0x00,
    0x00, 0x00, 0x00, 0x00, 0x00, 0x66, 0xCD, 0x9B, 0x00, 0x00, 0x00, 0x00,
    0x00, 0x00, 0x00, 0x00, 0x02, 0x6E, 0x69, 0x00, 0x00, 0x00, 0x00, 0x00,
    0x00, 0x00, 0x00, 0x66, 0xCD, 0x9B, 0x00, 0x00, 0x00, 0x00, 0x00, 0x18,
    0x00, 0x00, 0x00, 0x00, 0x00, 0x00, 0x00, 0x00, 0x00, 0x00, 0x00, 0x00,
    0x00, 0x00, 0x00, 0x00, 0x00, 0x00, 0x00, 0x00, 0x00, 0x00, 0x00, 0x00,
    0x00, 0x00, 0x00, 0x80, 0x00, 0x00, 0x00, 0x00, 0x00, 0x00, 0x00, 0x00,
    0x00, 0x00, 0x00, 0x00, 0x00, 0x00, 0x00, 0x00, 0x00, 0x00, 0x02, 0x66,
    0x68, 0x00, 0x00, 0x00, 0x00, 0x00, 0x00, 0x00, 0x12, 0x66, 0xED, 0x99,
    0x00, 0x00, 0x00, 0x00, 0x00, 0x01, 0x00, 0x00, 0x02, 0x66, 0x68, 0x10,
    0x00, 0x00, 0x00, 0x00, 0x00, 0x00, 0x12, 0x66, 0xED, 0x99, 0x00, 0x00,
    0x00, 0x00, 0x00, 0x01, 0x00, 0x00, 0x00, 0x00, 0x00, 0x00, 0x00, 0x00,
    0x00, 0x00, 0x00, 0x00, 0x00, 0x00, 0x00, 0x00, 0x00, 0x00, 0x00, 0x00,
    0x00, 0x00, 0x00, 0x00, 0x02, 0x60, 0x60, 0x00, 0x00, 0x00, 0x00, 0x00,
    0x00, 0x21, 0x32, 0x66, 0xCC, 0x99, 0x20, 0x00, 0x00, 0x00, 0x00, 0x00,
    0x00, 0x00, 0x02, 0x6E, 0x60, 0x00, 0x00, 0x00, 0x00, 0x00, 0x00, 0x20,
    0xB2, 0x66, 0xCC, 0x99, 0x20, 0x00, 0x00, 0x00, 0x00, 0x00, 0x00, 0x00,
    0x00, 0x00, 0x02, 0x00, 0x00, 0x00, 0x00, 0x00, 0x00, 0x80, 0x00, 0x00,
    0x00, 0x00, 0x00, 0x00, 0x00, 0x00, 0x00, 0x00, 0x00, 0x00, 0x00, 0x00,
    0x00, 0x00, 0x00, 0x00, 0x00, 0x00, 0x01, 0x90, 0x00, 0x00, 0x00, 0x00,
    0x00, 0x00, 0x00, 0x00, 0x00, 0x00, 0x00, 0x00, 0x02, 0x68, 0x00, 0x00,
    0x00, 0x00, 0x00, 0x00, 0x00, 0x14, 0xB2, 0x66, 0xCC, 0x98, 0x00, 0x00,
    0x00, 0x00, 0x00, 0x00, 0x00, 0x00, 0x00, 0x48, 0x10, 0x00, 0x00, 0x00,
    0x00, 0x00, 0x00, 0x40, 0x00, 0x00, 0x00, 0x00, 0x00, 0x00, 0x00, 0x00,
    0x00, 0x00, 0x00, 0x00, 0x00, 0x00, 0x00, 0x00, 0x00, 0x00, 0x00, 0x00,
    0x00, 0x80, 0x00, 0x00, 0x00, 0x10, 0x40, 0x00, 0x00, 0x00, 0x00, 0x00,
    0x00, 0x00, 0x02, 0x44, 0x00, 0x00, 0x00, 0x00, 0x00, 0x00, 0x00, 0x24,
    0xB2, 0x66, 0xCC, 0x20, 0xA0, 0x00, 0x00, 0x00, 0x00, 0x00, 0x00, 0x00,
    0x02, 0x64, 0x00, 0x00, 0x00, 0x00, 0x00, 0x00, 0x00, 0x01, 0xB2, 0x66,
    0xCC, 0x1D, 0xC0, 0x00, 0x00, 0x00, 0x00, 0x00, 0x00, 0x00, 0x00, 0x00,
    0x00, 0x00, 0x00, 0x00, 0x00, 0x00, 0x00, 0x00, 0x00, 0x00, 0x00, 0x1F,
    0xE0, 0x00, 0x00, 0x00, 0x00, 0x00, 0x00, 0x00, 0x00, 0x00, 0x00, 0x00,
    0x00, 0x00, 0x00, 0x00, 0x00, 0x00, 0x00, 0x00, 0x00, 0x37, 0xE0, 0x00,
    0x00, 0x00, 0x00, 0x00, 0x00, 0x00, 0x02, 0x00, 0x00, 0x00, 0x00, 0x00,
    0x00, 0x00, 0x00, 0x44, 0xB2, 0x66, 0xD1, 0x2F, 0xE0, 0x00, 0x00, 0x00,
    0x00, 0x00, 0x00, 0x00, 0x03, 0x00, 0x00, 0x00, 0x00, 0x00, 0x00, 0x00,
    0x0D, 0x4D, 0xB2, 0x66, 0xD1, 0x37, 0xE0, 0x00, 0x00, 0x00, 0x00, 0x00,
    0x00, 0x00, 0x03, 0x00, 0x00, 0x10, 0x00, 0x00, 0x00, 0x00, 0x0D, 0x00,
    0x32, 0x06, 0xCF, 0xC3, 0xE0, 0x00, 0x00, 0x00, 0x00, 0x00, 0x00, 0x00,
    0x00, 0x00, 0x00, 0x10, 0x00, 0x00, 0x00, 0x00, 0x00, 0x00, 0x00, 0x00,
    0x0E, 0xD3, 0xE0, 0x00, 0x00, 0x00, 0x00, 0x00, 0x00, 0x00, 0x02, 0x00,
    0x00, 0x10, 0x00, 0x00, 0x00, 0x00, 0x0C, 0x40, 0xB2, 0x68, 0x1E, 0xEF,
    0xC4, 0x00, 0x00, 0x00, 0x00, 0x00, 0x00, 0x00, 0x06, 0x00, 0x00, 0x10,
    0x00, 0x00, 0x00, 0x00, 0x0C, 0x4C, 0xB2, 0x68, 0x1F, 0x6F, 0xD4, 0x00,
    0x00, 0x00, 0x00, 0x00, 0x00, 0x00, 0x00, 0x00, 0x00, 0x00, 0x00, 0x00,
    0x00, 0x00, 0x00, 0x00, 0x00, 0x03, 0x3F, 0x3D, 0x10, 0x00, 0x00, 0x00,
    0x00, 0x00, 0x00, 0x00, 0x02, 0x00, 0x00, 0x00, 0x00, 0x00, 0x00, 0x00,
    0x0C, 0x4C, 0xA2, 0x60, 0x2F, 0x3A, 0x2C, 0x00, 0x00, 0x00, 0x00, 0x00,
    0x00, 0x00, 0x02, 0x00, 0x00, 0x00, 0x00, 0x00, 0x00, 0x00, 0x0C, 0x4C,
    0xA2, 0x60, 0x34, 0x3D, 0x2C, 0x00, 0x00, 0x00, 0x00, 0x00, 0x00, 0x00,
    0x00, 0x00, 0x00, 0x00, 0x00, 0x00, 0x00, 0x00, 0x00, 0x00, 0x00, 0x00,
    0x7C, 0x5F, 0x00, 0x00, 0x00, 0x00, 0x00, 0x00, 0x00, 0x00, 0x02, 0x00,
    0x00, 0x00, 0x00, 0x00, 0x00, 0x00, 0x00, 0x00, 0x02, 0x60, 0x7E, 0x3F,
    0x00, 0x00, 0x00, 0x00, 0x00, 0x00, 0x00, 0x00, 0x06, 0x00, 0x08, 0x80,
    0x00, 0x00, 0x00, 0x00, 0x0C, 0x60, 0x00, 0x00, 0x40, 0x6C, 0x08, 0x00,
    0x00, 0x00, 0x00, 0x00, 0x00, 0x00, 0x02, 0x00, 0x08, 0x80, 0x00, 0x00,
    0x00, 0x00, 0x0C, 0xE0, 0x00, 0x00, 0x70, 0x6C, 0x08, 0x00, 0x00, 0x00,
    0x00, 0x00, 0x00, 0x00, 0x00, 0x00, 0x08, 0x00, 0x00, 0x00, 0x00, 0x00,
    0x00, 0x01, 0xE0, 0x00, 0x33, 0xA0, 0x00, 0x00, 0x00, 0x00, 0x00, 0x00,
    0x00, 0x00, 0x00, 0x40, 0x00, 0x00, 0x00, 0x00, 0x00, 0x00, 0x0D, 0xC0,
    0xE0, 0x00, 0x75, 0xC0, 0x00, 0x00, 0x00, 0x00, 0x00, 0x00, 0x00, 0x00,
    0x02, 0x4C, 0x00, 0x00, 0x00, 0x00, 0x00, 0x00, 0x0D, 0xC1, 0xFC, 0x00,
    0x43, 0x82, 0x00, 0x00, 0x00, 0x00, 0x00, 0x00, 0x00, 0x00, 0x00, 0x00,
    0x00, 0x00, 0x00, 0x00, 0x00, 0x00, 0x00, 0x01, 0xEE, 0x00, 0x0D, 0x80,
    0x00, 0x00, 0x00, 0x00, 0x00, 0x00, 0x00, 0x00, 0x00, 0x60, 0x00, 0x00,
    0x00, 0x00, 0x00, 0x00, 0x00, 0x01, 0xF6, 0x03, 0x03, 0x00, 0x40, 0x00,
    0x00, 0x00, 0x00, 0x00, 0x00, 0x00, 0x06, 0x00, 0x08, 0x00, 0x00, 0x00,
    0x00, 0x00, 0x0D, 0xE0, 0x39, 0x80, 0x00, 0x00, 0x00, 0x00, 0x00, 0x00,
    0x00, 0x00, 0x00, 0x00, 0x06, 0x00, 0x08, 0x00, 0x00, 0x00, 0x00, 0x00,
    0x0D, 0xE0, 0x7B, 0x80, 0x00, 0x08, 0x00, 0x00, 0x00, 0x00, 0x00, 0x00,
    0x00, 0x00, 0x00, 0x6A, 0x48, 0x00, 0x00, 0x00, 0x00, 0x00, 0x00, 0x02,
    0x57, 0x44, 0x00, 0x09, 0x00, 0x00, 0x00, 0x00, 0x00, 0x00, 0x40, 0x00,
    0x00, 0x00, 0x08, 0x00, 0x00, 0x00, 0x00, 0x00, 0x00, 0x00, 0x5E, 0x44,
    0x00, 0x00, 0x00, 0x00, 0x00, 0x00, 0x00, 0x01, 0x00, 0x80, 0x00, 0x00,
    0x08, 0x00, 0x00, 0x00, 0x00, 0x00, 0x0C, 0x45, 0x1F, 0x70, 0x20, 0x10,
    0x00, 0x00, 0x00, 0x00, 0x00, 0x01, 0x00, 0x00, 0x02, 0x66, 0x08, 0x00,
    0x00, 0x00, 0x00, 0x00, 0x0C, 0x4C, 0x1B, 0x80, 0x0C, 0x99, 0x00, 0x00,
    0x00, 0x00, 0x00, 0x01, 0x00, 0x00, 0x06, 0x46, 0x08, 0x00, 0x00, 0x00,
    0x00, 0x00, 0x0C, 0x08, 0x1F, 0xE3, 0x04, 0x99, 0x00, 0x00, 0x00, 0x00,
    0x00, 0x01, 0x00, 0x00, 0x00, 0x00, 0x08, 0x00, 0x00, 0x00, 0x00, 0x00,
    0x00, 0x00, 0x03, 0x40, 0x00, 0x00, 0x00, 0x00, 0x00, 0x00, 0x00, 0x01,
    0x00, 0x00, 0x00, 0x00, 0x08, 0x00, 0x01, 0xFF, 0xC0, 0x00, 0x0C, 0x4C,
    0x02, 0xF0, 0x00, 0x00, 0x00, 0x00, 0x00, 0x00, 0x00, 0x01, 0x00, 0x00,
    0x01, 0x60, 0x88, 0x00, 0x00, 0x00, 0x00, 0x00, 0x00, 0x00, 0x00, 0x0C,
    0x0C, 0x00, 0x00, 0x00, 0x00, 0x00, 0x00, 0x01, 0x00, 0x00, 0x01, 0x00,
    0x88, 0x00, 0x00, 0x00, 0x00, 0x00, 0x00, 0x00, 0x00, 0x0C, 0x0C, 0x00,
    0x00, 0x00, 0x00, 0x00, 0x00, 0x01, 0x00, 0x00, 0x7E, 0x00, 0x09, 0x00,
    0x00, 0x3F, 0x00, 0x00, 0x0C, 0x48, 0x03, 0x84, 0x10, 0x00, 0x00, 0x00,
    0x00, 0x00, 0x00, 0x01, 0x00, 0x00, 0x64, 0x00, 0x08, 0x00, 0x00, 0x19,
    0x00, 0x00, 0x0C, 0x48, 0x00, 0x00, 0x10, 0x00, 0x00, 0x00, 0x00, 0x00,
    0x00, 0x01, 0x00, 0x00, 0x66, 0x30, 0x08, 0x00, 0x00, 0x19, 0x00, 0x00,
    0x04, 0x08, 0x3C, 0x00, 0x06, 0x00, 0x00, 0x00, 0x00, 0x00, 0x00, 0x01,
    0x00, 0x03, 0x80, 0x00, 0x30, 0x80, 0x00, 0x01, 0x00, 0x00, 0x00, 0x00,
    0x00, 0x00, 0x00, 0x00, 0x00, 0x00, 0x00, 0x00, 0x00, 0x01, 0x00, 0x03,
    0x01, 0x00, 0x30, 0x80, 0x00, 0x17, 0x00, 0x00, 0x0C, 0x00, 0x03, 0x00,
    0x20, 0x84, 0x00, 0x00, 0x00, 0x00, 0x00, 0x01, 0x00, 0x00, 0x00, 0x00,
    0xFC, 0x00, 0x00, 0x3F, 0x00, 0x00, 0x3F, 0xE4, 0x00, 0x60, 0x00, 0x50,
    0x00, 0x00, 0x00, 0x00, 0x00, 0x01, 0x00, 0x00, 0x00, 0x00, 0xF8, 0x00,
    0x00, 0x3D, 0x00, 0x00, 0x3F, 0xE0, 0x08, 0x70, 0x00, 0x10, 0x00, 0x00,
    0x00, 0x00, 0x00, 0x01, 0x00, 0x00, 0x47, 0xF1, 0xFF, 0x00, 0x00, 0xF7,
    0xC0, 0x00, 0xFF, 0xFF, 0x86, 0x1F, 0xC0, 0x24, 0x00, 0x60, 0x00, 0x00,
    0x00, 0x01, 0x00, 0x00, 0x41, 0xD1, 0xFF, 0x00, 0x00, 0xF7, 0xC0, 0x00,
    0x7F, 0xFF, 0x86, 0x1F, 0xC0, 0x3F, 0x00, 0x00, 0x00, 0x00, 0x00, 0x01,
    0x00, 0x00, 0x20, 0x31, 0xFF, 0x00, 0x00, 0x3F, 0xC0, 0x00, 0x7F, 0x7F,
    0x80, 0x1F, 0xC0, 0x3F, 0x00, 0x00, 0x00, 0x00, 0x00, 0x01, 0x00, 0x00,
    0x3E, 0x3E, 0xFF, 0x00, 0x00, 0x58, 0xE0, 0x00, 0x39, 0x9B, 0xE1, 0x6E,
    0xCC, 0x7F, 0x00, 0x00, 0x00, 0x00, 0x00, 0x01, 0x00, 0x00, 0x1E, 0x3A,
    0xF3, 0x00, 0x00, 0x58, 0xE0, 0x00, 0x39, 0x9B, 0xE1, 0x4E, 0xC8, 0x7C,
    0x00, 0x00, 0x00, 0x00, 0x00, 0x01, 0x00, 0x00, 0x07, 0xCF, 0x3F, 0xED,
    0xE7, 0x9C, 0xDF, 0xF3, 0xDD, 0xE7, 0xF7, 0x7E, 0xFF, 0x78, 0x00, 0x00,
    0x00, 0x00, 0x00, 0x01, 0x00, 0x00, 0x07, 0x0F, 0x3F, 0xED, 0xE7, 0xDC,
    0xDF, 0xF3, 0xDD, 0xE7, 0xF7, 0x7E, 0xEF, 0xB8, 0x00, 0x00, 0x00, 0x00,
    0x00, 0x00, 0xC0, 0x00, 0x00, 0x00, 0x00, 0x00, 0x00, 0x00, 0x00, 0x00,
    0x00, 0x00, 0x00, 0x00, 0x00, 0x00, 0x00, 0x00, 0x00, 0x00, 0x00, 0x00,
    0x00, 0x00, 0x00, 0x00, 0x00, 0x00, 0x00, 0x00, 0x00, 0x00, 0x00, 0x00,
    0x00, 0x00, 0x00, 0x00, 0x00, 0x08, 0x00, 0x00, 0x00, 0x00, 0x00, 0x00,
    0x00, 0x00, 0x00, 0x00, 0x00, 0x00, 0x00, 0x00, 0x00, 0x00, 0x00, 0x00,
    0x00, 0x00, 0x00, 0x08, 0x00, 0x00, 0x00, 0x00, 0x10, 0x00, 0x00, 0x00,
    0x00, 0x00, 0x00, 0x00, 0x00, 0x00, 0x00, 0x00, 0x00, 0x00, 0x00, 0x00,
    0x00, 0x08, 0x00, 0x00, 0x00, 0x00, 0x10, 0x00, 0x00, 0x00, 0x00, 0x00,
    0x00, 0x00, 0x00, 0x00, 0x00, 0x00, 0x00, 0x00, 0x00, 0x00, 0x00, 0x08,
    0x00, 0x00, 0x00, 0x00, 0x00, 0x00, 0x00, 0x00, 0x00, 0x00, 0x00, 0x00,
    0x00, 0x00, 0x00, 0x00, 0x00, 0x00, 0x00, 0x00, 0x00, 0x08, 0x00, 0x00,
    0x00, 0x00, 0x00, 0x00, 0x00, 0x00, 0x00, 0x00, 0x00, 0x00, 0x00, 0x00,
    0x00, 0x00, 0x00, 0x00, 0x00, 0x00, 0x00, 0x08, 0x00, 0x00, 0x00, 0x00,
    0x00, 0x00, 0x00, 0x00, 0x00, 0x00, 0x00, 0x00, 0x00, 0x00, 0x00, 0x00,
    0x00, 0x00, 0x00, 0x00, 0x10, 0x00, 0x00, 0x00, 0x00, 0x00, 0x04, 0x00,
    0x00, 0x00, 0x00, 0x00, 0x00, 0x00, 0x00, 0x00, 0x00, 0x00, 0x00, 0x00,
    0x00, 0x00, 0x10, 0x00, 0x00, 0x00, 0x00, 0x00, 0x00, 0x00, 0x00, 0x00,
    0x00, 0x00, 0x00, 0x00, 0x00, 0x00, 0x00, 0x00, 0x00, 0x00, 0x00, 0x00,
    0x00, 0x00, 0x00, 0x00, 0x00, 0x00, 0x00, 0x00, 0x00, 0x00, 0x00, 0x00,
    0x00, 0x00, 0x00, 0x00, 0x00, 0x00, 0x00, 0x00, 0x00, 0x00, 0x00, 0x00,
    0x00, 0x00, 0x00, 0x00, 0x00, 0x00, 0x00, 0x00, 0x00, 0x00, 0x00, 0x00,
    0x00, 0x00, 0x00, 0x00, 0x00, 0x00, 0x00, 0x00, 0x00, 0x00, 0x00, 0x00,
    0x00, 0x00, 0x00, 0x00, 0x00, 0x00, 0x00, 0x00, 0x00, 0x00, 0x00, 0x00,
    0x00, 0x00, 0x00, 0x00, 0x00, 0x00, 0x00, 0x00, 0x00, 0x00, 0x00, 0x00,
    0x00, 0x00, 0x00, 0x00, 0x00, 0x00, 0x00, 0x00, 0x00, 0x00, 0x00, 0x00,
    0x00, 0x00, 0x00, 0x00, 0x00, 0x00, 0x00, 0x00, 0x00, 0x00, 0x00, 0x00,
    0x00, 0x00, 0x00, 0x00, 0x00, 0x00, 0x00, 0x00, 0x00, 0x00, 0x00, 0x00,
    0x00, 0x00, 0x00, 0x00, 0x00, 0x00, 0x00, 0x00, 0x00, 0x00, 0x00, 0x00,
    0x00, 0x00, 0x00, 0x00, 0x00, 0x00, 0x00, 0x00, 0x00, 0x00, 0x00, 0x00,
    0x00, 0x00, 0x00, 0x00, 0x00, 0x00, 0x00, 0x00, 0x00, 0x00, 0x00, 0x00,
    0x00, 0x00, 0x00, 0x00, 0x00, 0x00, 0x00, 0x00, 0x00, 0x00, 0x00, 0x00,
    0x00, 0x00, 0x00, 0x00, 0x00, 0x00, 0x00, 0x00, 0x00, 0x00, 0x00, 0x00,
    0x00, 0x00, 0x00, 0x00, 0x00, 0x00, 0x00, 0x00, 0x00, 0x00, 0x00, 0x00,
    0x00, 0x00, 0x00, 0x00, 0x00, 0x00, 0x00, 0x00, 0x00, 0x00, 0x00, 0x00,
    0x00, 0x00, 0x00, 0x00, 0x00, 0x00, 0x00, 0x00, 0x00, 0x00, 0x00, 0x00,
    0x00, 0x00, 0x00, 0x00, 0x00, 0x00, 0x00, 0x00, 0x00, 0x00, 0x00, 0x00,
    0x00, 0x00, 0x00, 0x00, 0x00, 0x00, 0x00, 0x00,
};

constexpr uint8_t kPetBlackData[] = {
    0x00, 0x00, 0x00, 0x00, 0x00, 0x00, 0x00, 0x00, 0x00, 0x00, 0x00, 0x00,
    0x00, 0x00, 0x00, 0x00, 0x00, 0x00, 0x00, 0x00, 0x00, 0x00, 0x00, 0x00,
    0x00, 0x00, 0x00, 0x00, 0x00, 0x00, 0x00, 0x00, 0x00, 0x00, 0x00, 0x00,
    0x00, 0x00, 0x00, 0x00, 0x00, 0x00, 0x00, 0x00, 0x00, 0x00, 0x00, 0x00,
    0x00, 0x00, 0x00, 0x00, 0x00, 0x00, 0x00, 0x00, 0x00, 0x00, 0x00, 0x00,
    0x00, 0x00, 0x00, 0x00, 0x00, 0x00, 0x00, 0x00, 0x00, 0x00, 0x00, 0x00,
    0x00, 0x00, 0x00, 0x00, 0x00, 0x00, 0x00, 0x00, 0x00, 0x00, 0x00, 0x00,
    0x00, 0x00, 0x00, 0x00, 0x00, 0x00, 0x00, 0x00, 0x00, 0x03, 0xFF, 0xFF,
    0xFF, 0xFF, 0xFF, 0xFF, 0xFF, 0xE0, 0x00, 0x00, 0x00, 0x00, 0x00, 0x00,
    0x00, 0x00, 0x00, 0x00, 0x00, 0x00, 0x00, 0x03, 0xFF, 0xFF, 0xFF, 0xFF,
    0xFF, 0xFF, 0xFF, 0xE0, 0x00, 0x00, 0x00, 0x00, 0x00, 0x00, 0x00, 0x00,
    0x00, 0x00, 0x00, 0x00, 0x00, 0x1F, 0xFF, 0xFF, 0xFF, 0xFF, 0xFF, 0xFF,
    0xFF, 0xFC, 0x00, 0x00, 0x00, 0x00, 0x00, 0x00, 0x00, 0x00, 0x00, 0x00,
    0x00, 0x00, 0x00, 0x1F, 0xFF, 0xFF, 0xFF, 0xFF, 0xFF, 0xFF, 0xFF, 0xF8,
    0x00, 0x00, 0x00, 0x00, 0x00, 0x00, 0x00, 0x00, 0x00, 0x00, 0x00, 0x00,
    0x00, 0x1F, 0xFF, 0xFF, 0xFF, 0xFF, 0xFF, 0xFF, 0xFF, 0xFC, 0x00, 0x00,
    0x00, 0x00, 0x00, 0x00, 0x00, 0x00, 0x00, 0x00, 0x00, 0x00, 0x00, 0x7F,
    0xFF, 0xFF, 0xFF, 0xFF, 0xFF, 0xFF, 0xFF, 0xFE, 0x00, 0x00, 0x00, 0x00,
    0x00, 0x00, 0x00, 0x00, 0x00, 0x00, 0x00, 0x00, 0x00, 0x7F, 0x80, 0x00,
    0x00, 0x00, 0x00, 0x00, 0x00, 0x7F, 0x80, 0x00, 0x00, 0x00, 0x00, 0x00,
    0x00, 0x00, 0x00, 0x00, 0x00, 0x00, 0x01, 0xFF, 0x80, 0x00, 0x00, 0x00,
    0x00, 0x00, 0x00, 0x7F, 0x80, 0x00, 0x00, 0x00, 0x00, 0x00, 0x00, 0x00,
    0x00, 0x00, 0x00, 0x00, 0x01, 0xFF, 0x80, 0x00, 0x00, 0x00, 0x00, 0x00,
    0x00, 0x7F, 0x80, 0x00, 0x00, 0x00, 0x00, 0x00, 0x00, 0x00, 0x00, 0x00,
    0x00, 0x00, 0x07, 0xFC, 0x00, 0x00, 0x00, 0x00, 0x00, 0x00, 0x00, 0x1F,
    0xE0, 0x00, 0x00, 0x00, 0x00, 0x00, 0x00, 0x00, 0x00, 0x00, 0x00, 0x00,
    0x07, 0xFC, 0x00, 0x00, 0x00, 0x00, 0x00, 0x00, 0x00, 0x1F, 0xE0, 0x00,
    0x00, 0x00, 0x00, 0x00, 0x00, 0x00, 0x00, 0x00, 0x00, 0x00, 0x07, 0xF8,
    0x00, 0x00, 0x00, 0x00, 0x00, 0x00, 0x00, 0x1F, 0xE0, 0x00, 0x00, 0x00,
    0x00, 0x00, 0x00, 0x00, 0x00, 0x00, 0x00, 0x00, 0x07, 0xF8, 0x00, 0x00,
    0x00, 0x00, 0x00, 0x00, 0x00, 0x07, 0xE0, 0x00, 0x00, 0x00, 0x00, 0x00,
    0x00, 0x00, 0x00, 0x00, 0x00, 0x00, 0x07, 0xE0, 0x00, 0x00, 0x00, 0x00,
    0x00, 0x00, 0x00, 0x07, 0xE0, 0x00, 0x00, 0x00, 0x00, 0x00, 0x00, 0x00,
    0x00, 0x00, 0x00, 0x00, 0x07, 0xE0, 0x00, 0x00, 0x00, 0x00, 0x00, 0x00,
    0x00, 0x07, 0xE0, 0x00, 0x00, 0x00, 0x00, 0x00, 0x00, 0x00, 0x00, 0x00,
    0x00, 0x00, 0x07, 0xE0, 0x00, 0x00, 0x00, 0x00, 0x00, 0x00, 0x00, 0x07,
    0xE0, 0x00, 0x00, 0x00, 0x00, 0x00, 0x00, 0x00, 0x00, 0x00, 0x00, 0x00,
    0x07, 0xE0, 0x00, 0x00, 0x00, 0x00, 0x00, 0x00, 0x00, 0x07, 0xE0, 0x00,
    0x00, 0x00, 0x00, 0x00, 0x00, 0x00, 0x00, 0x00, 0x00, 0x00, 0x07, 0xE0,
    0x00, 0x00, 0x00, 0x00, 0x00, 0x00, 0x00, 0x07, 0xE0, 0x00, 0x00, 0x00,
    0x00, 0x00, 0x00, 0x00, 0x00, 0x00, 0x00, 0x00, 0x07, 0xE0, 0x00, 0x00,
    0x00, 0x00, 0x00, 0x00, 0x00, 0x07, 0xE0, 0x00, 0x00, 0x00, 0x00, 0x00,
    0x00, 0x00, 0x00, 0x00, 0x00, 0x00, 0x07, 0xE0, 0x00, 0xFF, 0x80, 0x00,
    0x07, 0xF8, 0x00, 0x07, 0xE0, 0x00, 0x00, 0x00, 0x00, 0x00, 0x00, 0x00,
    0x00, 0x00, 0x00, 0x0F, 0xFF, 0xE0, 0x00, 0xFF, 0x80, 0x00, 0x07, 0xF8,
    0x00, 0x07, 0xFF, 0xFC, 0x00, 0x00, 0x00, 0x00, 0x00, 0x00, 0x00, 0x00,
    0x00, 0x0F, 0xFF, 0xE0, 0x03, 0xFF, 0xC0, 0x00, 0x3F, 0xFE, 0x00, 0x07,
    0xFF, 0xFC, 0x00, 0x00, 0x00, 0x00, 0x00, 0x00, 0x00, 0x00, 0x00, 0x0F,
    0xFF, 0xE0, 0x03, 0x80, 0xE0, 0x00, 0x3C, 0x0E, 0x00, 0x07, 0xFF, 0xFC,
    0x00, 0x00, 0x00, 0x00, 0x00, 0x00, 0x00, 0x00, 0x00, 0x3F, 0xFF, 0xE0,
    0x07, 0x80, 0xF0, 0x00, 0x3C, 0x0F, 0x00, 0x07, 0xFF, 0xFF, 0x80, 0x00,
    0x00, 0x00, 0x00, 0x00, 0x00, 0x00, 0x00, 0x7F, 0xFF, 0xE0, 0x07, 0x00,
    0x70, 0x00, 0x70, 0x07, 0x80, 0x07, 0xFF, 0xFF, 0xC0, 0x00, 0x00, 0x00,
    0x00, 0x00, 0x00, 0x00, 0x00, 0x7F, 0xFF, 0xE0, 0x07, 0x00, 0x30, 0x00,
    0x70, 0x01, 0x80, 0x07, 0xFF, 0xFF, 0xC0, 0x00, 0x00, 0x00, 0x00, 0x00,
    0x00, 0x00, 0x03, 0xFE, 0x00, 0x00, 0x1C, 0x00, 0x38, 0x00, 0xE0, 0x01,
    0xC0, 0x00, 0x00, 0x1F, 0xF0, 0x00, 0x00, 0x00, 0x00, 0x00, 0x00, 0x00,
    0x03, 0xFE, 0x00, 0x00, 0x1C, 0x00, 0x38, 0x00, 0xE0, 0x01, 0xC0, 0x00,
    0x00, 0x1F, 0xF0, 0x00, 0x00, 0x00, 0x00, 0x00, 0x00, 0x00, 0x03, 0xFC,
    0x00, 0x00, 0x1C, 0x00, 0x18, 0x00, 0xE0, 0x01, 0xC0, 0x00, 0x00, 0x0F,
    0xF0, 0x00, 0x00, 0x00, 0x00, 0x00, 0x00, 0x00, 0x03, 0xFC, 0x00, 0x00,
    0x1C, 0x00, 0x18, 0x00, 0xE0, 0x01, 0xC0, 0x00, 0x00, 0x0F, 0xF0, 0x00,
    0x00, 0x00, 0x00, 0x00, 0x00, 0x00, 0x03, 0xF8, 0x00, 0x00, 0x1C, 0x00,
    0x18, 0x00, 0xE0, 0x01, 0xC0, 0x00, 0x00, 0x03, 0xF0, 0x00, 0x00, 0x00,
    0x00, 0x00, 0x00, 0x00, 0x03, 0xF8, 0x00, 0x00, 0x1C, 0x00, 0x1C, 0x00,
    0xE0, 0x01, 0xC0, 0x00, 0x00, 0x03, 0xF0, 0x00, 0x00, 0x00, 0x00, 0x00,
    0x00, 0x00, 0x03, 0xF8, 0x00, 0x00, 0x1C, 0x00, 0x1C, 0x01, 0xE0, 0x01,
    0xC0, 0x00, 0x00, 0x03, 0xF0, 0x00, 0x00, 0x00, 0x00, 0x00, 0x00, 0x00,
    0x03, 0xF8, 0x00, 0x00, 0x1C, 0x00, 0x1C, 0x01, 0xE0, 0x01, 0xC0, 0x00,
    0x00, 0x03, 0xF0, 0x00, 0x00, 0x00, 0x00, 0x00, 0x00, 0x00, 0x03, 0xF8,
    0x00, 0x00, 0x1C, 0x00, 0x0E, 0x01, 0x80, 0x01, 0xC0, 0x00, 0x00, 0x03,
    0xFF, 0xFF, 0xFE, 0x00, 0x00, 0x00, 0x00, 0x00, 0x03, 0xF8, 0x00, 0x00,
    0x1C, 0x00, 0x0E, 0x01, 0x80, 0x01, 0xC0, 0x00, 0x00, 0x03, 0xFF, 0xFF,
    0xFE, 0x00, 0x00, 0x00, 0x00, 0x00, 0x03, 0xF8, 0x00, 0x00, 0x1C, 0x00,
    0x0E, 0x01, 0x80, 0x01, 0xC0, 0x00, 0x00, 0x03, 0xFF, 0xFF, 0xFE, 0x00,
    0x00, 0x00, 0x00, 0x00, 0x03, 0xF8, 0x00, 0x00, 0x07, 0x00, 0x0E, 0x03,
    0x80, 0x07, 0xC0, 0x00, 0x00, 0x03, 0xFF, 0xFF, 0xFF, 0xC0, 0x00, 0x00,
    0x00, 0x00, 0x03, 0xF8, 0x00, 0x00, 0x07, 0x00, 0x0E, 0x03, 0x80, 0x07,
    0xC0, 0x00, 0x00, 0x03, 0xFF, 0xFF, 0xFF, 0xC0, 0x00, 0x00, 0x00, 0x00,
    0x03, 0xF8, 0x00, 0x00, 0x07, 0x00, 0x0F, 0x03, 0x80, 0x07, 0x00, 0x00,
    0x00, 0x03, 0xFF, 0xFF, 0xFF, 0xF0, 0x00, 0x00, 0x00, 0x00, 0x03, 0xF8,
    0x00, 0x00, 0x07, 0x00, 0x0E, 0x03, 0x80, 0x07, 0x00, 0x00, 0x00, 0x00,
    0x00, 0x00, 0x0F, 0xF0, 0x00, 0x00, 0x00, 0x00, 0x03, 0xF8, 0x00, 0x00,
    0x07, 0x00, 0x0E, 0x03, 0x80, 0x07, 0x00, 0x00, 0x00, 0x00, 0x00, 0x00,
    0x0F, 0xFC, 0x00, 0x00, 0x00, 0x00, 0x03, 0xF8, 0x00, 0x00, 0x07, 0x00,
    0x0F, 0x03, 0x80, 0x07, 0x00, 0x00, 0x00, 0x00, 0x00, 0x00, 0x03, 0xFE,
    0x00, 0x00, 0x00, 0x00, 0x03, 0xF8, 0x00, 0x00, 0x07, 0x00, 0x03, 0x06,
    0x00, 0x07, 0x00, 0x00, 0x00, 0x00, 0x00, 0x00, 0x03, 0xFE, 0x00, 0x00,
    0x00, 0x00, 0x03, 0xF8, 0x00, 0x00, 0x07, 0x00, 0x03, 0x06, 0x00, 0x1E,
    0x00, 0x00, 0x00, 0x00, 0x00, 0x00, 0x03, 0xFF, 0x80, 0x00, 0x00, 0x00,
    0x03, 0xF8, 0x00, 0x00, 0x07, 0x00, 0x03, 0x86, 0x00, 0x1E, 0x00, 0x00,
    0x00, 0x00, 0x00, 0x00, 0x00, 0xFF, 0x80, 0x00, 0x00, 0x00, 0x03, 0xF8,
    0x00, 0x00, 0x07, 0x00, 0x03, 0x86, 0x00, 0x1E, 0x00, 0x00, 0x00, 0x00,
    0x00, 0x00, 0x00, 0xFF, 0x80, 0x00, 0x00, 0x00, 0x03, 0xF8, 0x00, 0x00,
    0x03, 0x80, 0x03, 0x86, 0x00, 0x1E, 0x00, 0x00, 0x00, 0x00, 0x00, 0x00,
    0x00, 0x1F, 0x80, 0x00, 0x00, 0x00, 0x03, 0xF8, 0x00, 0x00, 0x03, 0x80,
    0x03, 0xFE, 0x00, 0x1E, 0x00, 0x00, 0x00, 0x00, 0x00, 0x00, 0x00, 0x1F,
    0x80, 0x00, 0x00, 0x00, 0x03, 0xF8, 0x00, 0x00, 0x03, 0x80, 0x03, 0xFE,
    0x00, 0x1E, 0x00, 0x00, 0x00, 0x00, 0x00, 0x00, 0x00, 0x1F, 0x80, 0x00,
    0x00, 0x00, 0x7F, 0xF8, 0x00, 0x00, 0x00, 0xC0, 0x00, 0x00, 0x00, 0x7E,
    0x00, 0x00, 0x00, 0x00, 0x00, 0x00, 0x00, 0x1F, 0x80, 0x00, 0x00, 0x00,
    0xFF, 0xF8, 0x00, 0x00, 0x00, 0xC0, 0x00, 0x00, 0x00, 0x78, 0x00, 0x00,
    0x00, 0x00, 0x00, 0x00, 0x00, 0x1F, 0x80, 0x00, 0x00, 0x00, 0xFF, 0xF8,
    0x00, 0x00, 0x00, 0xE0, 0x00, 0x00, 0x00, 0x78, 0x00, 0x00, 0x00, 0x00,
    0x00, 0x00, 0x00, 0x1F, 0x80, 0x00, 0x00, 0x00, 0xFF, 0xF8, 0x00, 0x00,
    0x00, 0xE0, 0x00, 0x00, 0x00, 0x7E, 0x00, 0x00, 0x00, 0x00, 0x00, 0x00,
    0x00, 0x1F, 0x80, 0x00, 0x00, 0x07, 0xFF, 0xF8, 0x00, 0x00, 0x03, 0xE0,
    0x00, 0x00, 0x00, 0x07, 0x00, 0x00, 0x00, 0x00, 0x00, 0x00, 0x00, 0x1F,
    0x80, 0x00, 0x00, 0x07, 0xFF, 0xF8, 0x00, 0x00, 0x03, 0xE0, 0x00, 0x00,
    0x00, 0x07, 0x00, 0x00, 0x00, 0x00, 0x00, 0x00, 0x00, 0x1F, 0x80, 0x00,
    0x00, 0x1F, 0xF0, 0x00, 0x00, 0x00, 0x03, 0x00, 0x00, 0x00, 0x00, 0x01,
    0xC0, 0x00, 0x00, 0x0F, 0xC0, 0xFE, 0x00, 0x1F, 0x80, 0x00, 0x00, 0x1F,
    0xF0, 0x00, 0x00, 0x00, 0x07, 0x00, 0x00, 0x00, 0x00, 0x01, 0xE0, 0x00,
    0x00, 0x0F, 0xC0, 0xFE, 0x00, 0x1F, 0x80, 0x00, 0x00, 0x1F, 0xF0, 0x00,
    0x00, 0x00, 0x1E, 0x00, 0x00, 0x00, 0x00, 0x00, 0x70, 0x00, 0x00, 0x1F,
    0xF3, 0xFF, 0x00, 0x1F, 0x80, 0x00, 0x00, 0x1F, 0xC0, 0x00, 0x00, 0x00,
    0x1C, 0x00, 0x00, 0x00, 0x00, 0x00, 0x30, 0x00, 0x00, 0x3C, 0x3F, 0x83,
    0x80, 0x1F, 0x80, 0x00, 0x00, 0x1F, 0xC0, 0x00, 0x00, 0x00, 0x7C, 0x00,
    0x00, 0x00, 0x00, 0x00, 0x30, 0x00, 0x00, 0x7C, 0x3F, 0x83, 0xC0, 0x1F,
    0x80, 0x00, 0x00, 0x1F, 0xC0, 0x00, 0x00, 0x00, 0x70, 0x00, 0x00, 0x00,
    0x00, 0x00, 0x0C, 0x00, 0x00, 0x60, 0x0E, 0x00, 0xC0, 0x1F, 0x80, 0x00,
    0x00, 0x1F, 0xC0, 0x00, 0x00, 0x00, 0x70, 0x00, 0x00, 0x00, 0x00, 0x00,
    0x0C, 0x00, 0x00, 0x60, 0x0E, 0x00, 0xC0, 0x1F, 0x80, 0x00, 0x00, 0x1F,
    0xC0, 0x00, 0x00, 0x00, 0xC0, 0x00, 0x00, 0x00, 0x00, 0x00, 0x06, 0x00,
    0x00, 0x60, 0x00, 0x00, 0xC0, 0x1F, 0x80, 0x00, 0x00, 0x1F, 0xC0, 0x00,
    0x00, 0x00, 0xC0, 0x00, 0x00, 0x00, 0x00, 0x00, 0x06, 0x00, 0x00, 0x60,
    0x00, 0x00, 0xC0, 0x1F, 0x80, 0x00, 0x00, 0x1F, 0xC0, 0x00, 0x00, 0x00,
    0xC0, 0x00, 0x00, 0x00, 0x00, 0x00, 0x06, 0x00, 0x00, 0x60, 0x00, 0x00,
    0xC0, 0x1F, 0x80, 0x00, 0x00, 0x1F, 0xC0, 0x00, 0x00, 0x01, 0x80, 0x00,
    0x00, 0x00, 0x00, 0x00, 0x03, 0x80, 0x00, 0x70, 0x00, 0x03, 0xC0, 0x1F,
    0x80, 0x00, 0x00, 0x1F, 0xC0, 0x00, 0x00, 0x07, 0x80, 0x00, 0x00, 0x00,
    0x00, 0x00, 0x03, 0x80, 0x00, 0x1C, 0x00, 0x07, 0x80, 0x1F, 0x80, 0x00,
    0x00, 0x1F, 0xC0, 0x00, 0x00, 0x03, 0x00, 0x00, 0x00, 0x00, 0x00, 0x00,
    0x03, 0x80, 0x00, 0x1C, 0x00, 0x07, 0x00, 0x1F, 0x80, 0x00, 0x00, 0x1F,
    0xC0, 0x00, 0x00, 0x03, 0x00, 0x00, 0x00, 0x00, 0x00, 0x00, 0x03, 0x80,
    0x00, 0x0F, 0x00, 0x1E, 0x00, 0x1F, 0x80, 0x00, 0x00, 0x1F, 0xC0, 0x00,
    0x00, 0x03, 0x00, 0x00, 0x00, 0x00, 0x00, 0x00, 0x03, 0x80, 0x00, 0x07,
    0x00, 0x1C, 0x00, 0x1F, 0x80, 0x00, 0x00, 0x1F, 0xC0, 0x00, 0x00, 0x03,
    0x00, 0x00, 0x00, 0x00, 0x00, 0x00, 0x03, 0x80, 0x00, 0x03, 0xC0, 0x7C,
    0x00, 0x1F, 0x80, 0x00, 0x00, 0x1F, 0xC0, 0x00, 0x00, 0x03, 0x00, 0x00,
    0x00, 0x00, 0x07, 0x80, 0x03, 0x80, 0x00, 0x03, 0xC0, 0x70, 0x00, 0x1F,
    0x80, 0x00, 0x00, 0x1F, 0xC0, 0x00, 0x00, 0x03, 0x00, 0x01, 0xE0, 0x00,
    0x07, 0x80, 0x03, 0x80, 0x00, 0x00, 0xE1, 0xE0, 0x00, 0x1F, 0x80, 0x00,
    0x00, 0x1F, 0xC0, 0x00, 0x00, 0x03, 0x00, 0x01, 0xE0, 0x00, 0x07, 0x80,
    0x03, 0x87, 0xF0, 0x00, 0x71, 0xC0, 0x00, 0xFF, 0x80, 0x00, 0x00, 0x1F,
    0xC0, 0x00, 0x00, 0x03, 0x00, 0x01, 0xE0, 0x00, 0x07, 0x80, 0x03, 0x87,
    0xF0, 0x00, 0x39, 0x80, 0x00, 0xFF, 0x80, 0x00, 0x00, 0x1F, 0xC0, 0x00,
    0x00, 0x03, 0x00, 0x01, 0xE0, 0x1E, 0x07, 0x80, 0x03, 0xBF, 0xFC, 0x00,
    0x0F, 0x00, 0x00, 0xFE, 0x00, 0x00, 0x00, 0x1F, 0xC0, 0x00, 0x00, 0x03,
    0x00, 0x00, 0x00, 0x1E, 0x00, 0x00, 0x03, 0xBC, 0x1C, 0x00, 0x0E, 0x00,
    0x00, 0xFE, 0x00, 0x00, 0x00, 0x1F, 0xC0, 0x00, 0x00, 0x03, 0x00, 0x00,
    0x00, 0x1E, 0x00, 0x00, 0x03, 0xFC, 0x1F, 0x00, 0x00, 0x00, 0x00, 0x7E,
    0x00, 0x00, 0x00, 0x1F, 0xC0, 0x00, 0x00, 0x03, 0xC0, 0x00, 0x00, 0x1E,
    0x00, 0x00, 0x07, 0xE0, 0x07, 0x00, 0x00, 0x00, 0x00, 0xFE, 0x00, 0x00,
    0x00, 0x1F, 0xC0, 0x00, 0x00, 0x03, 0xC0, 0x00, 0x03, 0x1E, 0x20, 0x00,
    0x07, 0xE0, 0x07, 0x00, 0x00, 0x00, 0x00, 0xFE, 0x00, 0x00, 0x00, 0x1F,
    0xC0, 0x00, 0x00, 0x01, 0xC0, 0x00, 0x03, 0xC5, 0xE0, 0x00, 0x07, 0x80,
    0x03, 0x00, 0x00, 0x00, 0x00, 0xFE, 0x00, 0x00, 0x00, 0x1F, 0xC0, 0x00,
    0x00, 0x01, 0xC0, 0x00, 0x03, 0xC5, 0xE0, 0x00, 0x07, 0x80, 0x03, 0x00,
    0x00, 0x00, 0x00, 0xFE, 0x00, 0x00, 0x00, 0x1F, 0xC0, 0x00, 0x00, 0x00,
    0xE0, 0x00, 0x00, 0xFF, 0x80, 0x00, 0x1E, 0x00, 0x03, 0x00, 0x00, 0x00,
    0x00, 0xFE, 0x00, 0x00, 0x00, 0x1F, 0xC0, 0x00, 0x00, 0x00, 0xE0, 0x00,
    0x00, 0xFF, 0x80, 0x00, 0x1E, 0x00, 0x03, 0x00, 0x00, 0x00, 0x00, 0xFE,
    0x00, 0x00, 0x00, 0x1F, 0xC0, 0x00, 0x00, 0x00, 0xF0, 0x00, 0x00, 0xFF,
    0x80, 0x00, 0x1E, 0x00, 0x03, 0x00, 0x00, 0x00, 0x00, 0xFE, 0x00, 0x00,
    0x00, 0x1F, 0xC0, 0x00, 0x00, 0x00, 0x7C, 0x00, 0x00, 0x00, 0x00, 0x00,
    0x78, 0x00, 0x07, 0x00, 0x00, 0x00, 0x00, 0x7E, 0x00, 0x00, 0x00, 0x1F,
    0xC0, 0x00, 0x00, 0x00, 0x7C, 0x00, 0x00, 0x00, 0x00, 0x00, 0x78, 0x00,
    0x07, 0x00, 0x00, 0x00, 0x00, 0xFE, 0x00, 0x00, 0x00, 0x1F, 0xC0, 0x00,
    0x00, 0x00, 0x1E, 0x00, 0x00, 0x00, 0x00, 0x03, 0xE0, 0x00, 0x1C, 0x00,
    0x00, 0x00, 0x00, 0xFF, 0x80, 0x00, 0x00, 0x1F, 0xC0, 0x00, 0x00, 0x00,
    0x0E, 0x00, 0x00, 0x00, 0x00, 0x03, 0xE0, 0x00, 0x1C, 0x00, 0x00, 0x00,
    0x00, 0x7F, 0x80, 0x00, 0x00, 0x1F, 0xF0, 0x00, 0x00, 0x00, 0x03, 0xE0,
    0x00, 0x00, 0x00, 0x0F, 0x00, 0x00, 0x3C, 0x00, 0x00, 0x00, 0x00, 0x1F,
    0xE0, 0x00, 0x00, 0x1F, 0xF0, 0x00, 0x00, 0x00, 0x03, 0xE0, 0x00, 0x00,
    0x00, 0x0F, 0x00, 0x00, 0x3C, 0x00, 0x00, 0x00, 0x00, 0x1F, 0xE0, 0x00,
    0x00, 0x1F, 0xF0, 0x00, 0x00, 0x00, 0x02, 0xE0, 0x00, 0x00, 0x00, 0x7F,
    0x00, 0x00, 0x7C, 0x00, 0x00, 0x00, 0x00, 0x1F, 0xF8, 0x00, 0x00, 0x07,
    0xFC, 0x00, 0x00, 0x00, 0x00, 0x7F, 0x00, 0x00, 0x00, 0x78, 0x00, 0x00,
    0xF0, 0x00, 0x00, 0x00, 0x00, 0x0F, 0xF8, 0x00, 0x00, 0x07, 0xFC, 0x00,
    0x00, 0x00, 0x00, 0x7F, 0x00, 0x00, 0x00, 0x78, 0x00, 0x00, 0xF0, 0x00,
    0x00, 0x00, 0x00, 0x0F, 0xF8, 0x00, 0x00, 0x07, 0xFF, 0xF8, 0x00, 0x00,
    0x00, 0xFF, 0x00, 0x00, 0x00, 0x00, 0x00, 0x01, 0xE0, 0x00, 0x00, 0x00,
    0x00, 0x03, 0xF8, 0x00, 0x00, 0x00, 0xFF, 0xF8, 0x00, 0x00, 0x03, 0xE0,
    0x00, 0x00, 0x00, 0x00, 0x00, 0x07, 0x80, 0x00, 0x00, 0x00, 0x00, 0x03,
    0xF8, 0x00, 0x00, 0x00, 0xFF, 0xF8, 0x00, 0x00, 0x03, 0xE0, 0x00, 0x00,
    0x00, 0x00, 0x00, 0x07, 0x80, 0x00, 0x00, 0x00, 0x00, 0x03, 0xF8, 0x00,
    0x00, 0x00, 0x3F, 0xF8, 0x00, 0x00, 0x0F, 0x00, 0x00, 0x00, 0x00, 0x00,
    0x00, 0x1E, 0x00, 0x00, 0x00, 0x00, 0x00, 0x03, 0xF8, 0x00, 0x00, 0x00,
    0x3F, 0xF8, 0x00, 0x00, 0x0F, 0x00, 0x00, 0x00, 0x00, 0x00, 0x00, 0x1E,
    0x00, 0x00, 0x00, 0x00, 0x00, 0x03, 0xF8, 0x00, 0x00, 0x00, 0x3F, 0xF8,
    0x00, 0x00, 0x3C, 0x00, 0x00, 0x00, 0x00, 0x00, 0x00, 0x7C, 0x00, 0x00,
    0x00, 0x00, 0x00, 0x03, 0xF8, 0x00, 0x00, 0x00, 0x03, 0xF8, 0x00, 0x00,
    0x3C, 0x00, 0x00, 0x00, 0x00, 0x00, 0x00, 0x60, 0x00, 0x00, 0x00, 0x00,
    0x00, 0x03, 0xF8, 0x00, 0x00, 0x00, 0x03, 0xF8, 0x00, 0x00, 0xF8, 0x00,
    0x00, 0x00, 0x00, 0x00, 0x01, 0xE0, 0x00, 0x00, 0x00, 0x00, 0xF8, 0x03,
    0xF8, 0x00, 0x00, 0x00, 0x03, 0xF8, 0x00, 0x01, 0xE0, 0x00, 0x00, 0x00,
    0x00, 0x00, 0x07, 0x80, 0x00, 0x00, 0x00, 0x03, 0xF8, 0x03, 0xF8, 0x00,
    0x00, 0x00, 0x03, 0xF8, 0x00, 0x01, 0xE0, 0x00, 0x00, 0x00, 0x00, 0x00,
    0x3F, 0x00, 0x00, 0x00, 0x00, 0x0F, 0x18, 0x03, 0xF8, 0x00, 0x00, 0x00,
    0x03, 0xF8, 0x00, 0x03, 0xE0, 0x00, 0x00, 0x00, 0x00, 0x00, 0x3F, 0x00,
    0x00, 0x00, 0x00, 0x1F, 0x18, 0x03, 0xF8, 0x00, 0x00, 0x00, 0x03, 0xF8,
    0x00, 0x03, 0x80, 0x00, 0x00, 0x00, 0x00, 0x00, 0xF8, 0x00, 0x00, 0x00,
    0x03, 0xE0, 0x18, 0x03, 0xF8, 0x00, 0x00, 0x00, 0x03, 0xF8, 0x00, 0x0F,
    0x80, 0x00, 0x00, 0x00, 0x00, 0x00, 0xF8, 0x00, 0x00, 0x00, 0x03, 0xE0,
    0x18, 0x03, 0xF8, 0x00, 0x00, 0x00, 0x03, 0xF8, 0x00, 0x0E, 0x00, 0x00,
    0x00, 0x00, 0x00, 0x00, 0xE0, 0x00, 0x00, 0x00, 0x0F, 0x80, 0x18, 0x03,
    0xF8, 0x00, 0x00, 0x00, 0x03, 0xF8, 0x00, 0x0E, 0x00, 0x00, 0x00, 0x00,
    0x00, 0x00, 0xE0, 0x00, 0x00, 0x00, 0x0E, 0x00, 0x18, 0x03, 0xF8, 0x00,
    0x00, 0x00, 0x03, 0xF8, 0x00, 0x0E, 0x00, 0x00, 0x00, 0x00, 0x00, 0x00,
    0xE0, 0x00, 0x00, 0x00, 0x0E, 0x00, 0x18, 0x03, 0xF8, 0x00, 0x00, 0x00,
    0x03, 0xF8, 0x00, 0x0E, 0x00, 0xE0, 0x00, 0x00, 0x00, 0x00, 0xE0, 0x00,
    0x00, 0x00, 0x30, 0x1C, 0x18, 0x03, 0xF8, 0x00, 0x00, 0x00, 0x03, 0xF8,
    0x00, 0x38, 0x00, 0xE0, 0x00, 0x00, 0x00, 0x00, 0xE0, 0x00, 0x00, 0x00,
    0x30, 0x0C, 0x18, 0x03, 0xF8, 0x00, 0x00, 0x00, 0x03, 0xF8, 0x00, 0x38,
    0x00, 0xE0, 0x00, 0x00, 0x00, 0x00, 0xE0, 0x00, 0x00, 0x00, 0xE0, 0x10,
    0x30, 0x03, 0xF8, 0x00, 0x00, 0x00, 0x03, 0xF8, 0x00, 0x38, 0x00, 0xE0,
    0x00, 0x00, 0x00, 0x00, 0xE0, 0x00, 0x00, 0x00, 0xE0, 0x10, 0x20, 0x03,
    0xF8, 0x00, 0x00, 0x00, 0x03, 0xF8, 0x00, 0x38, 0x03, 0x80, 0x00, 0x00,
    0x00, 0x00, 0xE0, 0x00, 0x00, 0x00, 0xC0, 0xC0, 0xE0, 0x03, 0xF8, 0x00,
    0x00, 0x00, 0x03, 0xF8, 0x00, 0x38, 0x03, 0x80, 0x00, 0x00, 0x00, 0x00,
    0xE0, 0x00, 0x00, 0x03, 0xC0, 0xC0, 0xC0, 0x03, 0xF8, 0x00, 0x00, 0x00,
    0x03, 0xF8, 0x00, 0x38, 0x03, 0x80, 0x00, 0x00, 0x00, 0x00, 0xE0, 0x00,
    0x00, 0x03, 0xC3, 0xC0, 0xC0, 0x03, 0xF8, 0x00, 0x00, 0x00, 0x03, 0xF8,
    0x00, 0x38, 0x03, 0x80, 0x00, 0x00, 0x00, 0x00, 0xE0, 0x00, 0x00, 0x03,
    0x83, 0x80, 0xC0, 0x03, 0xF8, 0x00, 0x00, 0x00, 0x03, 0xF8, 0x00, 0x38,
    0x03, 0x80, 0x00, 0x00, 0x00, 0x00, 0xE0, 0x00, 0x00, 0x03, 0x81, 0x80,
    0xC0, 0x03, 0xF8, 0x00, 0x00, 0x00, 0x03, 0xF8, 0x00, 0x38, 0x07, 0x00,
    0x00, 0x00, 0x00, 0x00, 0xE0, 0x07, 0xF0, 0x03, 0x8E, 0x03, 0x80, 0x03,
    0xF8, 0x00, 0x00, 0x00, 0x03, 0xF8, 0x00, 0x38, 0x07, 0x00, 0x00, 0x00,
    0x00, 0x00, 0xE0, 0x07, 0xF0, 0x03, 0x8E, 0x03, 0x80, 0x03, 0xF8, 0x00,
    0x00, 0x00, 0x03, 0xF8, 0x00, 0x0E, 0x06, 0x00, 0x00, 0x00, 0x00, 0x00,
    0xE0, 0x06, 0x1F, 0x03, 0x88, 0x1E, 0x00, 0x03, 0xF8, 0x00, 0x00, 0x00,
    0x03, 0xF8, 0x00, 0x0E, 0x0E, 0x00, 0x00, 0x00, 0x00, 0x00, 0xE0, 0x07,
    0x1F, 0x03, 0x88, 0x1E, 0x00, 0x0F, 0xF8, 0x00, 0x00, 0x00, 0x03, 0xF8,
    0x00, 0x03, 0xFE, 0x00, 0x00, 0x00, 0x00, 0x00, 0xE0, 0x06, 0x03, 0xC3,
    0xB0, 0x7C, 0x00, 0x0F, 0xF8, 0x00, 0x00, 0x00, 0x03, 0xF8, 0x00, 0x03,
    0xFE, 0x00, 0x00, 0x00, 0x00, 0x00, 0xE0, 0x06, 0x01, 0xC3, 0xF0, 0x78,
    0x00, 0x0F, 0xF8, 0x00, 0x00, 0x00, 0x0F, 0xF8, 0x00, 0x03, 0xFE, 0x00,
    0x00, 0x00, 0x00, 0x00, 0xE0, 0x06, 0x01, 0xE0, 0xF0, 0xF8, 0x00, 0x1F,
    0xE0, 0x00, 0x00, 0x00, 0x0F, 0xF8, 0x00, 0x00, 0x06, 0x00, 0x00, 0x00,
    0x00, 0x00, 0xE0, 0x07, 0x80, 0x70, 0xFF, 0xC0, 0x00, 0x1F, 0xE0, 0x00,
    0x00, 0x00, 0x3F, 0xF8, 0x00, 0x00, 0x06, 0x00, 0x00, 0x00, 0x00, 0x00,
    0xE0, 0x07, 0x80, 0x70, 0xFF, 0xC0, 0x00, 0x1F, 0xC0, 0x00, 0x00, 0x00,
    0x3F, 0xE0, 0x00, 0x00, 0x06, 0x00, 0x00, 0x00, 0x00, 0x00, 0xE0, 0x01,
    0x88, 0x38, 0xF0, 0x00, 0x00, 0x1F, 0x80, 0x00, 0x00, 0x00, 0x3F, 0xE0,
    0x00, 0x00, 0x06, 0x00, 0x00, 0x00, 0x00, 0x00, 0xE0, 0x01, 0x80, 0x38,
    0xF0, 0x00, 0x00, 0x1F, 0x80, 0x00, 0x00, 0x00, 0xFF, 0x00, 0x00, 0x00,
    0x06, 0x00, 0x00, 0x00, 0x00, 0x00, 0xE0, 0x00, 0xE0, 0x0C, 0xC0, 0x00,
    0x00, 0x1F, 0x80, 0x00, 0x00, 0x00, 0xFF, 0x00, 0x00, 0x00, 0x06, 0x00,
    0x00, 0x00, 0x00, 0x00, 0xE0, 0x00, 0xE0, 0x1C, 0xC0, 0x00, 0x00, 0x1F,
    0x80, 0x00, 0x00, 0x00, 0xFF, 0x00, 0x00, 0x00, 0x06, 0x00, 0x00, 0x00,
    0x00, 0x00, 0xE0, 0x00, 0xE0, 0x0C, 0xC0, 0x00, 0x00, 0x1F, 0x80, 0x00,
    0x00, 0x00, 0xFC, 0x00, 0x00, 0x00, 0x06, 0x00, 0x00, 0x00, 0x00, 0x00,
    0xE0, 0x00, 0x3C, 0x8F, 0xC0, 0x00, 0x00, 0x1F, 0x80, 0x00, 0x00, 0x00,
    0xFC, 0x00, 0x00, 0x00, 0x06, 0x00, 0x00, 0x00, 0x00, 0x00, 0xE0, 0x00,
    0x3D, 0x0F, 0xC0, 0x00, 0x00, 0x1F, 0x80, 0x00, 0x00, 0x00, 0xFC, 0x00,
    0x1E, 0x03, 0x06, 0x00, 0x01, 0xFF, 0xC0, 0x00, 0xE0, 0x00, 0x03, 0xE3,
    0xC0, 0x03, 0xC0, 0x1F, 0x80, 0x00, 0x00, 0x00, 0xFC, 0x00, 0x1E, 0x03,
    0x06, 0x00, 0x01, 0xFF, 0xC0, 0x00, 0xE0, 0x00, 0x03, 0xE3, 0xC0, 0x03,
    0xC0, 0x1F, 0x80, 0x00, 0x00, 0x00, 0xFC, 0x00, 0x01, 0xC3, 0xC6, 0x00,
    0x01, 0xC0, 0xC0, 0x00, 0xE0, 0x03, 0xC0, 0x7B, 0xC1, 0xFF, 0xC0, 0x1F,
    0x80, 0x00, 0x00, 0x00, 0xFC, 0x00, 0x01, 0xC3, 0xC7, 0x00, 0x01, 0xC0,
    0xC0, 0x00, 0xE0, 0x03, 0xC0, 0x7B, 0xC1, 0xFF, 0xC0, 0x1F, 0x80, 0x00,
    0x00, 0x00, 0xFC, 0x00, 0x01, 0xC3, 0xC7, 0x00, 0x01, 0xC0, 0xC0, 0x00,
    0xE0, 0x03, 0xC0, 0x7F, 0xC1, 0xFF, 0xC0, 0x1F, 0x80, 0x00, 0x00, 0x00,
    0xFC, 0x00, 0x00, 0x73, 0xC7, 0x00, 0x01, 0xC0, 0xC0, 0x00, 0xC0, 0x03,
    0xFC, 0x0F, 0xC7, 0x9C, 0x00, 0x1F, 0x80, 0x00, 0x00, 0x00, 0xFC, 0x00,
    0x80, 0x73, 0xC7, 0x00, 0x01, 0xC0, 0xC0, 0x00, 0xC0, 0x03, 0xFC, 0x0F,
    0xC7, 0x18, 0x00, 0x1F, 0x80, 0x00, 0x00, 0x00, 0xFC, 0x00, 0xE0, 0x3F,
    0x03, 0xC0, 0x03, 0xC0, 0xF0, 0x03, 0xC0, 0x00, 0xC7, 0x8F, 0xFE, 0x20,
    0x00, 0x1F, 0x80, 0x00, 0x00, 0x00, 0xFC, 0x00, 0xE0, 0x3F, 0x07, 0xC0,
    0x03, 0xC0, 0xF0, 0x03, 0xC0, 0x00, 0xE7, 0x8F, 0xFE, 0x60, 0x00, 0x1F,
    0x80, 0x00, 0x00, 0x00, 0xFC, 0x00, 0x38, 0x0E, 0x00, 0xFF, 0xFF, 0x00,
    0x3F, 0xFF, 0x00, 0x00, 0x79, 0xE0, 0x3F, 0xC0, 0x00, 0x1F, 0x80, 0x00,
    0x00, 0x00, 0xFC, 0x00, 0x3E, 0x0E, 0x00, 0xFF, 0xFF, 0x00, 0x3F, 0xFF,
    0x00, 0x00, 0x79, 0xE0, 0x3F, 0xC0, 0x00, 0x7F, 0x80, 0x00, 0x00, 0x00,
    0xFC, 0x00, 0x1F, 0xCE, 0x00, 0xFF, 0xFF, 0x00, 0x3F, 0xFF, 0x00, 0x80,
    0x7F, 0xE0, 0x3F, 0xC0, 0x00, 0xFF, 0x80, 0x00, 0x00, 0x00, 0xFC, 0x00,
    0x01, 0xC0, 0x00, 0x00, 0x00, 0x00, 0x00, 0x00, 0x00, 0x00, 0x1E, 0x00,
    0x00, 0x00, 0x00, 0xFE, 0x00, 0x00, 0x00, 0x00, 0xFC, 0x00, 0x01, 0xC0,
    0x00, 0x00, 0x00, 0x00, 0x00, 0x00, 0x00, 0x00, 0x1E, 0x00, 0x04, 0x00,
    0x00, 0xFE, 0x00, 0x00, 0x00, 0x00, 0xFF, 0x00, 0x00, 0x00, 0x00, 0x00,
    0x00, 0x00, 0x00, 0x00, 0x00, 0x00, 0x00, 0x00, 0x00, 0x80, 0x03, 0xFE,
    0x00, 0x00, 0x00, 0x00, 0xFF, 0x00, 0x00, 0x00, 0x00, 0x00, 0x00, 0x00,
    0x00, 0x00, 0x00, 0x00, 0x00, 0x00, 0x00, 0x00, 0x03, 0xFE, 0x00, 0x00,
    0x00, 0x00, 0x3F, 0xC0, 0x00, 0x00, 0x00, 0x00, 0x00, 0x00, 0x00, 0x00,
    0x00, 0x00, 0x00, 0x00, 0x00, 0x00, 0x03, 0xFE, 0x00, 0x00, 0x00, 0x00,
    0x3F, 0xC0, 0x00, 0x00, 0x00, 0x00, 0x00, 0x00, 0x00, 0x00, 0x00, 0x00,
    0x00, 0x00, 0x00, 0x00, 0x03, 0xF0, 0x00, 0x00, 0x00, 0x00, 0x3F, 0xC0,
    0x00, 0x00, 0x00, 0x00, 0x00, 0x00, 0x00, 0x00, 0x00, 0x00, 0x00, 0x00,
    0x00, 0x00, 0x03, 0xF0, 0x00, 0x00, 0x00, 0x00, 0x0F, 0xF0, 0x00, 0x00,
    0x00, 0x00, 0x00, 0x00, 0x00, 0x00, 0x00, 0x00, 0x00, 0x00, 0x00, 0x00,
    0x03, 0xF0, 0x00, 0x00, 0x00, 0x00, 0x0F, 0xF0, 0x00, 0x00, 0x00, 0x00,
    0x00, 0x00, 0x00, 0x00, 0x00, 0x00, 0x00, 0x00, 0x00, 0x00, 0x03, 0xF0,
    0x00, 0x00, 0x00, 0x00, 0x0F, 0xF0, 0x00, 0x00, 0x00, 0x00, 0x00, 0x00,
    0x00, 0x00, 0x00, 0x00, 0x00, 0x00, 0x00, 0x00, 0x03, 0xF0, 0x00, 0x00,
    0x00, 0x00, 0x03, 0xFC, 0x00, 0x00, 0x00, 0x00, 0x00, 0x00, 0x00, 0x00,
    0x00, 0x00, 0x00, 0x00, 0x00, 0x00, 0x0F, 0xF0, 0x00, 0x00, 0x00, 0x00,
    0x03, 0xFC, 0x00, 0x00, 0x00, 0x00, 0x00, 0x00, 0x00, 0x00, 0x00, 0x00,
    0x00, 0x00, 0x00, 0x00, 0x0F, 0xF0, 0x00, 0x00, 0x00, 0x00, 0x03, 0xFC,
    0x00, 0x00, 0x00, 0x00, 0x00, 0x00, 0x00, 0x00, 0x00, 0x00, 0x00, 0x00,
    0x00, 0x00, 0x0F, 0xF0, 0x00, 0x00, 0x00, 0x00, 0x03, 0xFF, 0xFF, 0xFF,
    0xFF, 0xFF, 0xFF, 0xFF, 0xFF, 0xFF, 0xFF, 0xFF, 0xFF, 0xFF, 0xFF, 0xFF,
    0xFF, 0xC0, 0x00, 0x00, 0x00, 0x00, 0x03, 0xFF, 0xFF, 0xFF, 0xFF, 0xFF,
    0xFF, 0xFF, 0xFF, 0xFF, 0xFF, 0xFF, 0xFF, 0xFF, 0xFF, 0xFF, 0xFF, 0xC0,
    0x00, 0x00, 0x00, 0x00, 0x00, 0x7F, 0xFF, 0xFF, 0xFF, 0xFF, 0xFF, 0xFF,
    0xFF, 0xFF, 0xFF, 0xFF, 0xFF, 0xFF, 0xFF, 0xFF, 0xFF, 0x80, 0x00, 0x00,
    0x00, 0x00, 0x00, 0x7F, 0xFF, 0xFF, 0xFF, 0xFF, 0xFF, 0xFF, 0xFF, 0xFF,
    0xFF, 0xFF, 0xFF, 0xFF, 0xFF, 0xFF, 0xFF, 0x80, 0x00, 0x00, 0x00, 0x00,
    0x00, 0x1F, 0xFF, 0xFF, 0xFF, 0xFF, 0xFF, 0xFF, 0xFF, 0xFF, 0xFF, 0xFF,
    0xFF, 0xFF, 0xFF, 0xFF, 0xFC, 0x00, 0x00, 0x00, 0x00, 0x00, 0x00, 0x1F,
    0xFF, 0xFF, 0xFF, 0xFF, 0xFF, 0xFF, 0xFF, 0xFF, 0xFF, 0xFF, 0xFF, 0xFF,
    0xFF, 0xFF, 0xFC, 0x00, 0x00, 0x00, 0x00, 0x00, 0x00, 0x1F, 0xFF, 0xFF,
    0xFF, 0xFF, 0xFF, 0xFF, 0xFF, 0xFF, 0xFF, 0xFF, 0xFF, 0xFF, 0xFF, 0xFF,
    0xFC, 0x00, 0x00, 0x00, 0x00, 0x00, 0x00, 0x00, 0x00, 0x00, 0x00, 0x00,
    0x00, 0x00, 0x00, 0x00, 0x00, 0x00, 0x00, 0x00, 0x00, 0x00, 0x00, 0x00,
    0x00, 0x00, 0x00, 0x00, 0x00, 0x00, 0x00, 0x00, 0x00, 0x00, 0x00, 0x00,
    0x00, 0x00, 0x00, 0x00, 0x00, 0x00, 0x00, 0x00, 0x00, 0x00, 0x00, 0x00,
    0x00, 0x00, 0x00, 0x00, 0x00, 0x00, 0x00, 0x00, 0x00, 0x00, 0x00, 0x00,
    0x00, 0x00, 0x00, 0x00, 0x00, 0x00, 0x00, 0x00, 0x00, 0x00, 0x00, 0x00,
    0x00, 0x00, 0x00, 0x00, 0x00, 0x00, 0x00, 0x00, 0x00, 0x00, 0x00, 0x00,
    0x00, 0x00, 0x00, 0x00, 0x00, 0x00, 0x00, 0x00,
};

constexpr AppLauncherStickerAsset kPetAsset = {
    {176, 176, kPetGrayData},
    {176, 176, kPetBlackData},
};

constexpr uint8_t kFocusGrayData[] = {
    0x00, 0x00, 0x00, 0x00, 0x00, 0x00, 0x00, 0x00, 0x00, 0x00, 0x00, 0x00,
    0x00, 0x00, 0x00, 0x00, 0x00, 0x00, 0x00, 0x00, 0x00, 0x00, 0x00, 0x00,
    0x00, 0x00, 0x00, 0x00, 0x00, 0x00, 0x00, 0x00, 0x00, 0x00, 0x00, 0x00,
    0x00, 0x00, 0x00, 0x00, 0x00, 0x00, 0x00, 0x00, 0x00, 0x00, 0x00, 0x00,
    0x00, 0x00, 0x00, 0x00, 0x00, 0x00, 0x00, 0x00, 0x00, 0x00, 0x00, 0x00,
    0x00, 0x00, 0x00, 0x00, 0x00, 0x00, 0x00, 0x00, 0x00, 0x00, 0x00, 0x00,
    0x00, 0x00, 0x00, 0x00, 0x00, 0x00, 0x00, 0x00, 0x00, 0x00, 0x00, 0x00,
    0x00, 0x00, 0x00, 0x00, 0x00, 0x00, 0x00, 0x00, 0x00, 0x00, 0x0F, 0xFF,
    0xFF, 0xFF, 0xFF, 0xFF, 0xFF, 0xFE, 0x00, 0x00, 0x00, 0x00, 0x00, 0x00,
    0x00, 0x00, 0x00, 0x00, 0x00, 0x00, 0x00, 0x00, 0x00, 0x00, 0x00, 0x00,
    0x00, 0x00, 0x00, 0x02, 0x00, 0x00, 0x00, 0x00, 0x00, 0x00, 0x00, 0x00,
    0x00, 0x00, 0x00, 0x00, 0x00, 0x00, 0x00, 0x00, 0x00, 0x00, 0x00, 0x00,
    0x00, 0x02, 0x00, 0x00, 0x00, 0x00, 0x00, 0x00, 0x00, 0x00, 0x00, 0x00,
    0x00, 0x00, 0x00, 0x00, 0x40, 0x00, 0x00, 0x00, 0x00, 0x00, 0x00, 0x11,
    0x80, 0x00, 0x00, 0x00, 0x00, 0x00, 0x00, 0x00, 0x00, 0x00, 0x00, 0x00,
    0x00, 0x00, 0x40, 0x00, 0x00, 0x00, 0x00, 0x00, 0x00, 0x00, 0x40, 0x00,
    0x00, 0x00, 0x00, 0x00, 0x00, 0x00, 0x00, 0x00, 0x00, 0x00, 0x00, 0x00,
    0x1C, 0x00, 0x00, 0x00, 0x00, 0x00, 0x00, 0x0C, 0x00, 0x00, 0x00, 0x00,
    0x00, 0x00, 0x00, 0x00, 0x00, 0x00, 0x00, 0x00, 0x00, 0x00, 0x00, 0x00,
    0x00, 0x00, 0x00, 0x00, 0x00, 0x02, 0x00, 0x00, 0x00, 0x00, 0x00, 0x00,
    0x00, 0x00, 0x00, 0x00, 0x00, 0x00, 0x00, 0x00, 0x00, 0x00, 0x00, 0x00,
    0x00, 0x00, 0x00, 0x02, 0x00, 0x00, 0x00, 0x00, 0x00, 0x00, 0x00, 0x00,
    0x00, 0x00, 0x00, 0x00, 0x00, 0x00, 0x00, 0x00, 0x00, 0x00, 0x00, 0x00,
    0x00, 0x00, 0x80, 0x00, 0x00, 0x00, 0x00, 0x00, 0x00, 0x00, 0x00, 0x00,
    0x00, 0x00, 0x00, 0x00, 0x00, 0x00, 0x00, 0x00, 0x00, 0x00, 0x00, 0x00,
    0x80, 0x00, 0x00, 0x00, 0x00, 0x00, 0x00, 0x00, 0x00, 0x00, 0x00, 0x00,
    0x00, 0x00, 0x00, 0x00, 0x00, 0x00, 0x00, 0x00, 0x00, 0x00, 0x00, 0x00,
    0x00, 0x00, 0x00, 0x00, 0x00, 0x00, 0x00, 0x00, 0x00, 0x00, 0x00, 0x00,
    0x00, 0x00, 0x00, 0x00, 0x00, 0x00, 0x00, 0x00, 0x00, 0x00, 0x00, 0x00,
    0x00, 0x00, 0x00, 0x00, 0x00, 0x00, 0x00, 0x00, 0x00, 0x00, 0x00, 0x00,
    0x00, 0x00, 0x00, 0x00, 0x00, 0x00, 0x00, 0x00, 0x00, 0x00, 0x00, 0x00,
    0x00, 0x00, 0x00, 0x00, 0x00, 0x00, 0x00, 0x00, 0x00, 0x0C, 0xCC, 0xCC,
    0xDB, 0x33, 0x30, 0x00, 0x00, 0x00, 0x00, 0x00, 0x00, 0x00, 0x00, 0x00,
    0x00, 0x00, 0x00, 0x00, 0x00, 0x00, 0x00, 0x0C, 0xCC, 0xCE, 0xDB, 0x33,
    0x30, 0x00, 0x00, 0x00, 0x40, 0x00, 0x00, 0x00, 0x00, 0x00, 0x00, 0x00,
    0x00, 0x00, 0x00, 0x00, 0x00, 0x00, 0x8C, 0x00, 0x00, 0x00, 0x30, 0x00,
    0x00, 0x00, 0x40, 0x00, 0x00, 0x00, 0x00, 0x00, 0x00, 0x00, 0x00, 0x00,
    0x00, 0x00, 0x00, 0x00, 0x00, 0x00, 0x00, 0x00, 0x00, 0x00, 0x00, 0x00,
    0x40, 0x00, 0x00, 0x00, 0x00, 0x00, 0x00, 0x00, 0x00, 0x00, 0x00, 0x00,
    0x00, 0xCC, 0xCC, 0xCC, 0xFB, 0x33, 0x3B, 0x00, 0x00, 0x01, 0x00, 0x00,
    0x00, 0x00, 0x00, 0x00, 0x00, 0x00, 0x00, 0x00, 0x00, 0x00, 0x00, 0xCC,
    0xCC, 0xCC, 0xFB, 0x33, 0x7B, 0x00, 0x00, 0x01, 0x00, 0x00, 0x00, 0x00,
    0x00, 0x00, 0x00, 0x00, 0x00, 0x00, 0x00, 0x00, 0x00, 0xCC, 0x4C, 0xCC,
    0x93, 0x33, 0x0B, 0x00, 0x00, 0x00, 0x60, 0x00, 0x00, 0x00, 0x00, 0x00,
    0x00, 0x00, 0x00, 0x00, 0x00, 0x00, 0x00, 0x00, 0x00, 0x00, 0x00, 0x00,
    0x00, 0x00, 0x00, 0x00, 0x00, 0x00, 0x00, 0x00, 0x00, 0x00, 0x00, 0x00,
    0x00, 0x00, 0x00, 0x00, 0x00, 0x4C, 0xCC, 0x8C, 0x9B, 0x22, 0x5B, 0x00,
    0x00, 0x00, 0x00, 0x00, 0x00, 0x00, 0x00, 0x00, 0x00, 0x00, 0x00, 0x00,
    0x00, 0x00, 0x00, 0xC0, 0x0C, 0xC0, 0x1B, 0x32, 0x40, 0x20, 0x00, 0x00,
    0x00, 0x00, 0x00, 0x00, 0x00, 0x00, 0x00, 0x00, 0x00, 0x00, 0x00, 0x00,
    0x00, 0xCC, 0xCC, 0xCC, 0x80, 0x32, 0xDB, 0x30, 0x00, 0x00, 0x00, 0x00,
    0x00, 0x00, 0x00, 0x00, 0x00, 0x00, 0x00, 0x00, 0x40, 0x00, 0x00, 0xCC,
    0xCC, 0xCC, 0x80, 0x32, 0xDB, 0x30, 0x00, 0x00, 0x00, 0x00, 0x00, 0x00,
    0x00, 0x00, 0x00, 0x00, 0x00, 0x00, 0x40, 0x00, 0x00, 0x00, 0x00, 0x00,
    0x00, 0x40, 0x00, 0x00, 0x00, 0x00, 0x00, 0x00, 0x00, 0x00, 0x00, 0x00,
    0x00, 0x00, 0x00, 0x30, 0x40, 0x00, 0x00, 0xCC, 0xCC, 0xC8, 0x80, 0x72,
    0xDB, 0x36, 0xEC, 0xC0, 0x00, 0x00, 0x00, 0x00, 0x00, 0x00, 0x00, 0x00,
    0x00, 0x00, 0x00, 0x00, 0x02, 0xCC, 0xCC, 0xC9, 0x00, 0x02, 0xDB, 0x36,
    0xEC, 0xC0, 0x00, 0x00, 0x00, 0x00, 0x00, 0x00, 0x00, 0x00, 0x00, 0x00,
    0x00, 0x00, 0x02, 0xCC, 0xCC, 0xC8, 0x00, 0x02, 0xDB, 0x34, 0x0C, 0x00,
    0x00, 0x00, 0x00, 0x00, 0x00, 0x00, 0x00, 0x00, 0x00, 0x00, 0x00, 0x00,
    0x00, 0x00, 0x00, 0x00, 0x00, 0x40, 0x00, 0x00, 0x00, 0x18, 0x00, 0x00,
    0x00, 0x00, 0x00, 0x00, 0x00, 0x00, 0x00, 0x00, 0x00, 0x00, 0x0E, 0xDB,
    0x4C, 0xC8, 0x00, 0x04, 0xDB, 0x36, 0xEC, 0xD8, 0x00, 0x00, 0x00, 0x00,
    0x00, 0x00, 0x00, 0x00, 0x00, 0x00, 0x00, 0xCD, 0xDE, 0xDB, 0x6C, 0xD3,
    0x00, 0x30, 0xDB, 0x36, 0xEC, 0xD8, 0x00, 0x00, 0x00, 0x00, 0x00, 0x00,
    0x00, 0x00, 0x00, 0x00, 0x00, 0xCD, 0xD8, 0x03, 0x6C, 0xD0, 0x00, 0x00,
    0x00, 0x00, 0x00, 0x00, 0x04, 0x00, 0x00, 0x00, 0x00, 0x00, 0x00, 0x00,
    0x00, 0x00, 0x00, 0x00, 0x00, 0x00, 0x00, 0x10, 0x00, 0x00, 0x00, 0x00,
    0x0C, 0x10, 0x07, 0x00, 0x00, 0x00, 0x00, 0x00, 0x00, 0x00, 0x00, 0x00,
    0x06, 0xE8, 0x00, 0xDB, 0x6C, 0xD0, 0x00, 0x00, 0xDB, 0x36, 0xC0, 0xD8,
    0x00, 0x00, 0x00, 0x00, 0x00, 0x00, 0x00, 0x00, 0x00, 0x00, 0x06, 0xE8,
    0x00, 0x1B, 0x6C, 0xD0, 0x00, 0x00, 0xDB, 0x36, 0xD0, 0xD8, 0x00, 0x00,
    0x00, 0x00, 0x00, 0x00, 0x00, 0x00, 0x00, 0x00, 0x00, 0x00, 0x00, 0x58,
    0x00, 0x10, 0x00, 0x00, 0x00, 0x00, 0x21, 0x00, 0x00, 0x18, 0x00, 0x00,
    0x00, 0x00, 0x00, 0x00, 0x00, 0x00, 0x00, 0x08, 0x00, 0x40, 0x00, 0x10,
    0x00, 0x00, 0x00, 0x00, 0x00, 0x00, 0x00, 0x00, 0x00, 0x00, 0x00, 0x00,
    0x00, 0x00, 0x00, 0x00, 0x0C, 0x80, 0x00, 0x02, 0x4C, 0xD0, 0x00, 0x00,
    0xDB, 0xB4, 0x00, 0xD8, 0x00, 0x00, 0x38, 0x00, 0x00, 0x00, 0x00, 0x00,
    0x00, 0x00, 0x1D, 0xE2, 0x01, 0x00, 0x00, 0x10, 0x00, 0x00, 0xC0, 0x04,
    0x00, 0x00, 0x00, 0x00, 0x00, 0x00, 0x00, 0x00, 0x00, 0x00, 0x00, 0x00,
    0x18, 0x20, 0x01, 0x02, 0x6C, 0xD0, 0x00, 0x00, 0xDB, 0x34, 0x00, 0xCC,
    0x00, 0x00, 0x00, 0x00, 0x00, 0x00, 0x00, 0x00, 0x00, 0x00, 0x00, 0x04,
    0x00, 0x80, 0x6C, 0xD0, 0x00, 0x00, 0x1B, 0x30, 0x00, 0xCC, 0x00, 0x00,
    0x40, 0x00, 0x00, 0x00, 0x00, 0x00, 0x00, 0x00, 0x01, 0x80, 0x00, 0x00,
    0x00, 0x10, 0x00, 0x00, 0x00, 0x00, 0x00, 0x01, 0x80, 0x00, 0x10, 0x00,
    0x00, 0x00, 0x00, 0x00, 0x00, 0x00, 0x19, 0x80, 0x00, 0x00, 0x6C, 0xD0,
    0x00, 0x00, 0xDB, 0x34, 0x00, 0xCC, 0xE0, 0x00, 0x00, 0x00, 0x00, 0x00,
    0x00, 0x00, 0x00, 0x00, 0x18, 0x00, 0x00, 0x11, 0x6C, 0xD0, 0x00, 0x00,
    0xDB, 0x34, 0x00, 0xCC, 0xE0, 0x00, 0x00, 0x00, 0x00, 0x00, 0x00, 0x00,
    0x00, 0x00, 0x00, 0x00, 0x00, 0x01, 0x00, 0x10, 0x00, 0x00, 0x00, 0x00,
    0x00, 0x00, 0x00, 0x00, 0x00, 0x00, 0x00, 0x00, 0x00, 0x00, 0x00, 0x00,
    0x01, 0x80, 0x00, 0x08, 0x60, 0x10, 0x00, 0x00, 0x00, 0x00, 0x10, 0x00,
    0x00, 0x00, 0x00, 0x00, 0x00, 0x00, 0x00, 0x00, 0x00, 0x00, 0x19, 0x80,
    0x00, 0x00, 0x6C, 0xD0, 0x00, 0x00, 0xDB, 0x34, 0x04, 0xCC, 0x00, 0x00,
    0x00, 0x00, 0x00, 0x00, 0x00, 0x00, 0x00, 0x00, 0x08, 0x80, 0x00, 0x00,
    0x0C, 0xD0, 0x00, 0x00, 0xD8, 0x30, 0x04, 0xCC, 0x00, 0x00, 0x00, 0x00,
    0x00, 0x00, 0x00, 0x00, 0x00, 0x00, 0x08, 0x00, 0x00, 0x00, 0x00, 0x10,
    0x00, 0x00, 0x00, 0x00, 0x00, 0xC0, 0x00, 0x80, 0x00, 0x00, 0x00, 0x00,
    0x00, 0x00, 0x00, 0x00, 0x1B, 0x00, 0x00, 0x00, 0x0C, 0xD0, 0x00, 0x00,
    0xD9, 0x24, 0xCC, 0xC2, 0x00, 0xC0, 0x00, 0x00, 0x00, 0x00, 0x00, 0x00,
    0x00, 0x00, 0x00, 0x19, 0x00, 0x01, 0x84, 0xD0, 0x00, 0x00, 0x00, 0x00,
    0x00, 0x00, 0x18, 0x00, 0x00, 0x00, 0x00, 0x00, 0x00, 0x00, 0x00, 0x00,
    0x01, 0x60, 0x00, 0x00, 0x00, 0x10, 0x00, 0x00, 0x00, 0x00, 0x00, 0x00,
    0x00, 0x00, 0x00, 0x00, 0x00, 0x00, 0x00, 0x00, 0x00, 0x00, 0x1B, 0x60,
    0x00, 0x00, 0x00, 0x10, 0x00, 0x00, 0xC9, 0x00, 0xC4, 0xC0, 0x06, 0xD8,
    0x00, 0x00, 0x00, 0x00, 0x00, 0x00, 0x00, 0x00, 0x00, 0x60, 0x00, 0x00,
    0x40, 0x00, 0x00, 0x00, 0x49, 0x00, 0x84, 0x10, 0x86, 0xD8, 0x00, 0x00,
    0x00, 0x00, 0x00, 0x00, 0x00, 0x00, 0x00, 0x00, 0x00, 0x00, 0x00, 0x00,
    0x00, 0x00, 0x00, 0x00, 0x00, 0x00, 0x80, 0x00, 0x00, 0x00, 0x00, 0x00,
    0x00, 0x00, 0x00, 0x00, 0x06, 0xE0, 0x00, 0x00, 0x00, 0x00, 0x00, 0x00,
    0x00, 0x00, 0x04, 0x00, 0x26, 0xC8, 0x00, 0x00, 0x00, 0x00, 0x00, 0x00,
    0x00, 0x00, 0x06, 0xE0, 0x00, 0x00, 0x00, 0x00, 0x00, 0x00, 0x19, 0x90,
    0xCC, 0x00, 0xA6, 0xD8, 0x00, 0x00, 0x00, 0x00, 0x00, 0x00, 0x00, 0x00,
    0x06, 0xE0, 0x00, 0x00, 0x00, 0x00, 0x00, 0x00, 0x19, 0x92, 0xCC, 0x00,
    0xA6, 0xD8, 0x00, 0x00, 0x00, 0x00, 0x00, 0x00, 0x40, 0xC0, 0x00, 0x00,
    0x08, 0x00, 0x00, 0x00, 0x00, 0x00, 0x00, 0x00, 0x00, 0x00, 0x00, 0x00,
    0x00, 0x00, 0x00, 0x00, 0x00, 0x00, 0x00, 0x00, 0x0E, 0x66, 0x08, 0x00,
    0x00, 0x00, 0x00, 0x00, 0x21, 0x92, 0x44, 0xCC, 0xA6, 0xD8, 0x00, 0x00,
    0x00, 0x00, 0x00, 0x00, 0x00, 0x00, 0x0E, 0x66, 0x00, 0x00, 0x00, 0x00,
    0x00, 0x00, 0x01, 0x92, 0x04, 0xCC, 0xA6, 0xD8, 0x00, 0x00, 0x00, 0x00,
    0x00, 0x00, 0x00, 0x00, 0x00, 0x00, 0x80, 0x00, 0x00, 0x00, 0x00, 0x00,
    0x00, 0x00, 0x00, 0x00, 0x00, 0x00, 0x00, 0x00, 0x00, 0x00, 0x00, 0x00,
    0x10, 0x00, 0x00, 0x00, 0x82, 0x00, 0x00, 0x00, 0x00, 0x00, 0x00, 0x00,
    0x00, 0x00, 0x1F, 0xC0, 0x00, 0x00, 0x00, 0x00, 0x00, 0x00, 0x40, 0x00,
    0x00, 0x40, 0x00, 0x00, 0x00, 0x00, 0x00, 0x00, 0x00, 0x00, 0x00, 0x0C,
    0x00, 0x00, 0x00, 0x00, 0x00, 0x00, 0x00, 0x10, 0x00, 0x00, 0x08, 0x66,
    0xC0, 0x80, 0x00, 0x00, 0x00, 0x00, 0x10, 0x16, 0xC0, 0xCC, 0x00, 0x18,
    0x00, 0x00, 0x00, 0x00, 0x00, 0x10, 0x00, 0x00, 0x08, 0x06, 0xC0, 0x80,
    0x00, 0x00, 0x00, 0x00, 0x01, 0x16, 0x04, 0xCC, 0x00, 0x18, 0x00, 0x00,
    0x00, 0x00, 0x00, 0x12, 0x00, 0x00, 0x00, 0x00, 0x08, 0x80, 0x00, 0x00,
    0x00, 0x00, 0x0E, 0x00, 0x00, 0x00, 0xFF, 0xC0, 0x00, 0x00, 0x00, 0x00,
    0x00, 0x10, 0x00, 0x00, 0x00, 0x00, 0x08, 0x00, 0x00, 0x00, 0x00, 0x00,
    0x02, 0x40, 0x00, 0x00, 0x00, 0x00, 0x00, 0x00, 0x00, 0x00, 0x00, 0x10,
    0x00, 0x03, 0x5A, 0x66, 0x80, 0x00, 0x00, 0x00, 0x00, 0x00, 0x00, 0x50,
    0xC0, 0xCC, 0xCC, 0xD8, 0x00, 0x00, 0x00, 0x00, 0x00, 0x10, 0x00, 0x03,
    0x5A, 0x66, 0x80, 0x00, 0x00, 0x00, 0x00, 0x00, 0x00, 0x56, 0xCC, 0xCC,
    0xCC, 0xD8, 0x00, 0x60, 0x00, 0x00, 0x00, 0x10, 0x00, 0x00, 0x00, 0x00,
    0x04, 0x00, 0x00, 0x00, 0x00, 0x00, 0x00, 0x40, 0x00, 0x00, 0x00, 0x00,
    0x00, 0x00, 0x00, 0x00, 0x00, 0x10, 0x00, 0x00, 0x00, 0x00, 0x00, 0x00,
    0x00, 0x00, 0x00, 0x00, 0x00, 0x00, 0x00, 0x00, 0x00, 0x00, 0x00, 0x00,
    0x00, 0x00, 0x00, 0x10, 0x00, 0x12, 0x4A, 0x66, 0x00, 0x00, 0x00, 0x00,
    0x00, 0x00, 0x00, 0x06, 0xC4, 0xCC, 0xCC, 0xD8, 0x00, 0x84, 0x00, 0x00,
    0x00, 0x10, 0x01, 0x92, 0x4A, 0x66, 0x30, 0x00, 0x00, 0x00, 0x00, 0x00,
    0x00, 0x04, 0xC4, 0xCC, 0xCC, 0xD8, 0x00, 0x84, 0x00, 0x00, 0x00, 0x10,
    0x01, 0x80, 0x00, 0x00, 0x20, 0x00, 0x00, 0x00, 0x00, 0x00, 0x00, 0x00,
    0x00, 0x00, 0x00, 0x00, 0x00, 0x60, 0x00, 0x00, 0x00, 0x10, 0x00, 0x00,
    0x00, 0x00, 0x20, 0x00, 0x00, 0x00, 0x00, 0x00, 0x00, 0x00, 0x00, 0x00,
    0x00, 0x00, 0x00, 0x00, 0x00, 0x00, 0x00, 0x10, 0x01, 0x93, 0x66, 0x66,
    0x20, 0x00, 0x00, 0x00, 0x00, 0x00, 0x00, 0x06, 0xCC, 0xCC, 0xC6, 0xD8,
    0x00, 0x00, 0x00, 0x00, 0x00, 0x10, 0x01, 0x13, 0x66, 0x66, 0x20, 0x00,
    0x00, 0x00, 0x00, 0x00, 0x00, 0x06, 0xCC, 0x0C, 0xC6, 0xD8, 0x00, 0x00,
    0x00, 0x00, 0x00, 0x10, 0x00, 0x00, 0x00, 0x00, 0x20, 0x00, 0x00, 0x00,
    0x00, 0x00, 0x00, 0x00, 0x00, 0x00, 0x00, 0x00, 0x00, 0x00, 0x00, 0x00,
    0x00, 0x10, 0x00, 0x00, 0x00, 0x00, 0x20, 0x00, 0x00, 0x00, 0x00, 0x00,
    0x00, 0x00, 0x00, 0x00, 0x00, 0x00, 0x00, 0x00, 0x00, 0x00, 0x00, 0x10,
    0x01, 0x9B, 0x26, 0x66, 0x20, 0x00, 0x00, 0x00, 0x00, 0x00, 0x00, 0x06,
    0xC0, 0x04, 0xA4, 0xD9, 0x80, 0x00, 0x00, 0x00, 0x00, 0x10, 0x01, 0x83,
    0x26, 0x66, 0x20, 0x00, 0x00, 0x01, 0xF8, 0x00, 0x00, 0x00, 0x00, 0x0C,
    0xA4, 0xD9, 0x80, 0x00, 0x00, 0x00, 0x00, 0x10, 0x00, 0x00, 0x00, 0x00,
    0x20, 0x00, 0x00, 0x00, 0x00, 0x00, 0x00, 0x00, 0x00, 0x00, 0x00, 0x00,
    0x00, 0x00, 0x00, 0x00, 0x00, 0x10, 0x00, 0x00, 0x00, 0x00, 0x20, 0x00,
    0x00, 0x00, 0x00, 0x00, 0x00, 0x04, 0x40, 0x00, 0x00, 0x00, 0x00, 0x00,
    0x00, 0x00, 0x00, 0x10, 0x01, 0x00, 0x66, 0x66, 0x20, 0x00, 0x00, 0x00,
    0x00, 0x00, 0x00, 0x06, 0x88, 0x0C, 0xA6, 0xC9, 0x80, 0x00, 0x00, 0x00,
    0x00, 0x10, 0x01, 0x9B, 0x66, 0x66, 0x20, 0x00, 0x00, 0x00, 0x00, 0x40,
    0x00, 0x86, 0x08, 0x0C, 0xA6, 0xC9, 0x98, 0x00, 0x00, 0x00, 0x00, 0x10,
    0x00, 0x00, 0x00, 0x00, 0x20, 0x00, 0x00, 0x00, 0x10, 0x40, 0x00, 0x42,
    0x30, 0x00, 0x00, 0x00, 0x18, 0x00, 0x00, 0x00, 0x00, 0x10, 0x00, 0x00,
    0x00, 0x00, 0x00, 0x00, 0x00, 0x00, 0x80, 0x40, 0x00, 0x42, 0x30, 0x00,
    0x00, 0x00, 0x00, 0x00, 0x00, 0x00, 0x00, 0x10, 0x01, 0x91, 0x46, 0x26,
    0x00, 0x00, 0x00, 0x10, 0x60, 0x00, 0x00, 0x00, 0x40, 0x00, 0x26, 0x49,
    0x88, 0x00, 0x00, 0x00, 0x00, 0x10, 0x01, 0x93, 0x46, 0x66, 0x80, 0x00,
    0x00, 0x10, 0x60, 0x00, 0x80, 0x00, 0xC8, 0x00, 0x06, 0xC9, 0x99, 0x80,
    0x00, 0x00, 0x00, 0x10, 0x00, 0x00, 0x00, 0x00, 0x00, 0x00, 0x00, 0x00,
    0x00, 0x00, 0x6C, 0x00, 0x00, 0x00, 0x00, 0x01, 0x01, 0x80, 0x00, 0x00,
    0x00, 0x10, 0x00, 0x00, 0x00, 0x00, 0x10, 0x00, 0x00, 0x00, 0x04, 0x00,
    0x78, 0x00, 0x00, 0x00, 0x00, 0x00, 0x00, 0x00, 0x00, 0x00, 0x00, 0x10,
    0x00, 0x00, 0x00, 0x00, 0x00, 0x00, 0x00, 0x03, 0xFC, 0x0F, 0xFE, 0x00,
    0x00, 0x20, 0x00, 0x00, 0x00, 0x00, 0x00, 0x00, 0x00, 0x10, 0x00, 0x13,
    0x46, 0x66, 0xC8, 0x00, 0x00, 0x00, 0x00, 0x09, 0x5A, 0x00, 0x00, 0x70,
    0x00, 0x19, 0x98, 0x00, 0x00, 0x00, 0x00, 0x10, 0x01, 0x93, 0x46, 0x66,
    0xC8, 0x00, 0x00, 0x00, 0x00, 0x09, 0xEC, 0x00, 0x00, 0x7C, 0x00, 0x09,
    0xD9, 0x80, 0x00, 0x00, 0x00, 0x10, 0x00, 0x00, 0x00, 0x00, 0x00, 0x20,
    0x00, 0x00, 0x01, 0x41, 0x50, 0x00, 0x00, 0x14, 0x00, 0x00, 0x00, 0x00,
    0x00, 0x00, 0x00, 0x10, 0x00, 0x00, 0x00, 0x00, 0x40, 0x20, 0x00, 0x00,
    0x01, 0xC1, 0xD0, 0x0C, 0x00, 0x1C, 0x28, 0x00, 0x00, 0x00, 0x00, 0x00,
    0x00, 0x10, 0x01, 0x92, 0xD6, 0x64, 0x00, 0x40, 0x00, 0x00, 0x0C, 0x00,
    0x40, 0x6F, 0xF0, 0x0C, 0x9F, 0x01, 0xD9, 0x80, 0x00, 0x00, 0x00, 0x10,
    0x01, 0x93, 0x06, 0x60, 0x00, 0x40, 0x00, 0x00, 0x01, 0x00, 0x50, 0x4C,
    0x80, 0x0C, 0x97, 0x01, 0x99, 0x80, 0x00, 0x00, 0x00, 0x10, 0x00, 0x00,
    0x00, 0x01, 0xC0, 0x78, 0x00, 0x00, 0x1F, 0xC1, 0xF3, 0x7F, 0x93, 0x1C,
    0x9F, 0x02, 0x00, 0x00, 0x00, 0x00, 0x00, 0x10, 0x00, 0x00, 0x20, 0x01,
    0x00, 0x00, 0x00, 0x00, 0x37, 0x01, 0xC9, 0x4A, 0xD5, 0x38, 0x05, 0x22,
    0x00, 0x00, 0x00, 0x00, 0x00, 0x10, 0x01, 0x93, 0x66, 0x21, 0x00, 0x00,
    0x00, 0x00, 0x1B, 0x01, 0x5F, 0x6E, 0x9F, 0x5C, 0x07, 0xE2, 0x59, 0x80,
    0x00, 0x00, 0x00, 0x10, 0x00, 0x03, 0x00, 0x40, 0x00, 0x00, 0x00, 0x00,
    0x26, 0x7C, 0xCC, 0x00, 0x00, 0x70, 0x1F, 0xF0, 0x01, 0x80, 0x00, 0x00,
    0x00, 0x10, 0x00, 0x00, 0x04, 0x00, 0x00, 0x00, 0x00, 0x01, 0xEC, 0x71,
    0x48, 0x00, 0x00, 0x70, 0x12, 0x50, 0x00, 0x00, 0x00, 0x00, 0x00, 0x10,
    0x00, 0x00, 0x00, 0x38, 0x00, 0x00, 0x0F, 0xE0, 0x4B, 0x79, 0x83, 0xFF,
    0xF8, 0x6C, 0x9F, 0xA8, 0x00, 0x00, 0x00, 0x00, 0x00, 0x10, 0x01, 0x92,
    0xD0, 0x20, 0x00, 0x00, 0x00, 0x00, 0xCD, 0x49, 0x02, 0x00, 0x00, 0x50,
    0x97, 0xB0, 0x41, 0x80, 0x00, 0x00, 0x00, 0x10, 0x01, 0x92, 0xD8, 0x20,
    0x00, 0x00, 0x00, 0x00, 0x17, 0x39, 0x82, 0x00, 0x00, 0x7F, 0xBC, 0xB8,
    0x09, 0x80, 0x00, 0x00, 0x00, 0x10, 0x01, 0x92, 0xC0, 0x00, 0x00, 0x00,
    0x00, 0x06, 0x1E, 0xFE, 0x00, 0x02, 0x00, 0x02, 0xEB, 0x58, 0x21, 0x80,
    0x00, 0x00, 0x00, 0x10, 0x00, 0x00, 0x00, 0x80, 0x00, 0x00, 0x00, 0x07,
    0x8F, 0xDE, 0x00, 0x02, 0x00, 0x0F, 0xBF, 0x7A, 0x20, 0x00, 0x00, 0x00,
    0x00, 0x10, 0x00, 0x00, 0x19, 0x80, 0x00, 0x00, 0x3C, 0x0F, 0xFB, 0xD1,
    0xC0, 0x0E, 0x00, 0x73, 0xFF, 0x9E, 0x00, 0x00, 0x00, 0x00, 0x00, 0x10,
    0x01, 0x96, 0x40, 0x00, 0x00, 0x00, 0x04, 0x04, 0x94, 0x40, 0x00, 0x00,
    0x00, 0x10, 0x0B, 0x45, 0x01, 0x80, 0x00, 0x00, 0x00, 0x10, 0x01, 0x96,
    0x60, 0x00, 0x00, 0x00, 0x04, 0x0F, 0xFD, 0xF0, 0x00, 0x00, 0x00, 0x13,
    0xDF, 0xDE, 0x01, 0x80, 0x00, 0x00, 0x00, 0x10, 0x00, 0x00, 0x40, 0x00,
    0x00, 0x00, 0x00, 0x00, 0x16, 0xC0, 0x00, 0x02, 0x00, 0x00, 0x9C, 0xE9,
    0x80, 0x00, 0x00, 0x00, 0x00, 0x10, 0x00, 0x02, 0x40, 0x00, 0x00, 0x00,
    0x00, 0x00, 0x1F, 0x40, 0x00, 0x02, 0x00, 0x00, 0x90, 0xB9, 0x81, 0x80,
    0x00, 0x00, 0x00, 0x10, 0x01, 0x96, 0x00, 0x00, 0x00, 0x00, 0x07, 0xFF,
    0xE1, 0x00, 0xC0, 0x02, 0x00, 0x00, 0x7F, 0x9C, 0x41, 0x80, 0x00, 0x00,
    0x00, 0x10, 0x00, 0x10, 0x00, 0x00, 0x00, 0x00, 0x00, 0x00, 0x03, 0x40,
    0x00, 0x02, 0x00, 0x00, 0x14, 0xB1, 0x81, 0x80, 0x00, 0x00, 0x00, 0x10,
    0x00, 0x00, 0x00, 0x00, 0x00, 0x00, 0x00, 0x00, 0x01, 0x40, 0x00, 0x02,
    0x00, 0x00, 0x3F, 0xD6, 0x80, 0x00, 0x00, 0x00, 0x00, 0x10, 0x01, 0xA0,
    0x00, 0x00, 0x00, 0x00, 0x00, 0x00, 0x04, 0x00, 0x00, 0x02, 0x00, 0x00,
    0x07, 0xE3, 0xC0, 0x80, 0x00, 0x00, 0x00, 0x10, 0x01, 0xA0, 0x00, 0x00,
    0x00, 0x00, 0x00, 0x00, 0x04, 0x00, 0x00, 0x02, 0x00, 0x00, 0x07, 0xF3,
    0xC1, 0x80, 0x00, 0x00, 0x00, 0x10, 0x00, 0x00, 0x00, 0x00, 0x00, 0x00,
    0x00, 0x00, 0x04, 0x00, 0x00, 0x02, 0x00, 0x00, 0x07, 0xFF, 0x81, 0x80,
    0x00, 0x00, 0x00, 0x10, 0x00, 0x00, 0x00, 0x00, 0x00, 0x00, 0x00, 0x00,
    0x04, 0x00, 0x00, 0x02, 0x00, 0x00, 0x06, 0x31, 0xC0, 0x00, 0x00, 0x00,
    0x00, 0x10, 0x01, 0xF0, 0x00, 0x00, 0x00, 0x00, 0x00, 0x00, 0x04, 0x00,
    0x00, 0x03, 0x00, 0x00, 0x03, 0xDF, 0x00, 0x00, 0x00, 0x00, 0x00, 0x10,
    0x01, 0x88, 0x00, 0x00, 0x00, 0x00, 0x00, 0x00, 0x04, 0x08, 0x00, 0x40,
    0x40, 0x10, 0x07, 0xF9, 0x81, 0x80, 0x00, 0x00, 0x00, 0x10, 0x01, 0x00,
    0x00, 0x00, 0x00, 0x00, 0x00, 0x00, 0x04, 0x08, 0x00, 0x40, 0x40, 0x10,
    0x03, 0xFA, 0x81, 0x80, 0x00, 0x00, 0x00, 0x10, 0x00, 0x00, 0x00, 0x00,
    0x00, 0x48, 0x00, 0x00, 0x0C, 0x00, 0x00, 0x40, 0x40, 0x00, 0x03, 0xE5,
    0x80, 0x00, 0x00, 0x00, 0x00, 0x10, 0x00, 0x00, 0x00, 0x00, 0x00, 0x48,
    0x00, 0x00, 0x00, 0x00, 0x00, 0x40, 0x40, 0x00, 0x02, 0xB1, 0x00, 0x00,
    0x00, 0x00, 0x00, 0x04, 0x01, 0x80, 0x00, 0x00, 0x00, 0x47, 0x80, 0x00,
    0x30, 0x00, 0x00, 0x40, 0x00, 0x00, 0x07, 0xFC, 0x00, 0x00, 0x00, 0x00,
    0x00, 0x00, 0x01, 0x80, 0x00, 0x00, 0x00, 0x00, 0x00, 0x00, 0x42, 0x00,
    0x00, 0x02, 0x00, 0x00, 0x06, 0xB5, 0x01, 0x80, 0x00, 0x00, 0x00, 0x00,
    0x01, 0x80, 0x00, 0x00, 0x00, 0x00, 0x40, 0x00, 0x40, 0x00, 0x00, 0x02,
    0x00, 0x00, 0x03, 0xC6, 0x01, 0x80, 0x00, 0x00, 0x00, 0x00, 0x00, 0x00,
    0x00, 0x00, 0x00, 0x01, 0x00, 0x00, 0x0B, 0x08, 0x00, 0x00, 0x00, 0x00,
    0x07, 0xF0, 0x20, 0x00, 0x00, 0x00, 0x00, 0x00, 0x01, 0x80, 0x00, 0x00,
    0x00, 0x00, 0x00, 0x00, 0x00, 0x08, 0x00, 0x00, 0x00, 0x01, 0x06, 0x30,
    0x21, 0x80, 0x00, 0x00, 0x00, 0x00, 0x01, 0x8C, 0x00, 0x00, 0x00, 0x00,
    0xFF, 0x00, 0x0B, 0x80, 0x00, 0x00, 0x00, 0x02, 0x5C, 0xB4, 0x29, 0x80,
    0x00, 0x00, 0x00, 0x00, 0x00, 0x00, 0x00, 0x00, 0x00, 0x00, 0x00, 0x83,
    0x83, 0x00, 0x00, 0x00, 0x00, 0x00, 0x87, 0xB0, 0x28, 0x00, 0x00, 0x00,
    0x00, 0x00, 0x00, 0x02, 0x10, 0x00, 0x00, 0x00, 0x00, 0x82, 0xE5, 0x80,
    0x00, 0x00, 0x00, 0x00, 0xD7, 0xF0, 0x20, 0x00, 0x00, 0x00, 0x00, 0x00,
    0x01, 0x80, 0x00, 0x00, 0x00, 0x00, 0x00, 0x11, 0x9D, 0xB0, 0x00, 0x00,
    0x00, 0x11, 0xE9, 0xD8, 0x01, 0x80, 0x00, 0x00, 0x00, 0x00, 0x01, 0xA0,
    0x00, 0x00, 0x00, 0x00, 0x00, 0x11, 0x26, 0x40, 0x00, 0x00, 0x00, 0x10,
    0xA3, 0xB8, 0x19, 0x80, 0x00, 0x00, 0x00, 0x00, 0x00, 0x3C, 0x04, 0x00,
    0x00, 0x00, 0x00, 0x08, 0x57, 0xF8, 0x40, 0x02, 0x00, 0x03, 0xF3, 0x90,
    0x98, 0x00, 0x00, 0x00, 0x00, 0x00, 0x19, 0x90, 0x04, 0x00, 0x00, 0x00,
    0x00, 0x00, 0x51, 0x08, 0x40, 0x02, 0x00, 0x06, 0x92, 0x30, 0x00, 0x00,
    0x00, 0x00, 0x00, 0x00, 0x11, 0xAC, 0x00, 0x00, 0x00, 0x00, 0x00, 0x00,
    0x7D, 0x76, 0x40, 0x02, 0x00, 0x03, 0xBF, 0xF0, 0x41, 0x80, 0x00, 0x80,
    0x00, 0x00, 0x18, 0x43, 0xE0, 0x00, 0x00, 0x00, 0x00, 0x00, 0x18, 0x64,
    0x02, 0x00, 0x00, 0x03, 0x37, 0xE0, 0x59, 0x80, 0x10, 0x80, 0x00, 0x00,
    0x15, 0x82, 0x60, 0x00, 0x00, 0x00, 0x00, 0x00, 0x1A, 0xB0, 0x02, 0x00,
    0x00, 0x12, 0x27, 0xA0, 0x18, 0x00, 0x00, 0x80, 0x00, 0x00, 0x0C, 0x00,
    0x20, 0x00, 0x00, 0x00, 0x00, 0x01, 0x87, 0xDB, 0xFC, 0x00, 0x07, 0xFF,
    0xBF, 0x01, 0xE0, 0x00, 0x00, 0x80, 0x00, 0x00, 0x04, 0x02, 0x40, 0x00,
    0x00, 0x00, 0x00, 0x00, 0x03, 0x49, 0x48, 0x00, 0x00, 0x52, 0x97, 0x01,
    0x21, 0x80, 0x00, 0x80, 0x00, 0x00, 0x1C, 0x00, 0x00, 0x00, 0x00, 0x00,
    0x00, 0x00, 0x05, 0x5B, 0xD4, 0x00, 0x02, 0x77, 0xB8, 0x01, 0x21, 0x80,
    0x00, 0x80, 0x00, 0x00, 0x0F, 0x70, 0xF8, 0x00, 0x00, 0x00, 0x00, 0x00,
    0x01, 0x33, 0x7E, 0x48, 0x47, 0xBF, 0xF8, 0x10, 0x00, 0x00, 0x00, 0x80,
    0x00, 0x00, 0x0F, 0xF9, 0x20, 0x00, 0x00, 0x00, 0x00, 0x00, 0x00, 0x3B,
    0x52, 0x0A, 0x58, 0x36, 0xB8, 0x1E, 0x01, 0x80, 0x00, 0x80, 0x00, 0x00,
    0x01, 0x9E, 0x5F, 0xC0, 0x00, 0x00, 0x00, 0x00, 0x00, 0x01, 0xDE, 0x7B,
    0xD7, 0xDC, 0x00, 0x18, 0xE6, 0xB0, 0x00, 0x80, 0x00, 0x00, 0x00, 0xB0,
    0x25, 0x00, 0x00, 0x00, 0x00, 0x00, 0x02, 0x01, 0x52, 0xDA, 0xD6, 0xCC,
    0x04, 0x18, 0x20, 0xD0, 0x00, 0x80, 0x00, 0x00, 0x03, 0x68, 0xA1, 0x00,
    0x00, 0x00, 0x00, 0x00, 0x04, 0x00, 0x1A, 0x5A, 0xD9, 0xE4, 0x07, 0x18,
    0xB6, 0xB0, 0x00, 0x80, 0x00, 0x00, 0x00, 0x19, 0x0F, 0xC8, 0x00, 0x00,
    0x00, 0x00, 0x0C, 0x40, 0x00, 0x00, 0x00, 0x00, 0x17, 0xE1, 0x28, 0x00,
    0x00, 0x80, 0x00, 0x00, 0x00, 0x37, 0xEB, 0x9E, 0x00, 0x00, 0x00, 0x00,
    0x18, 0xC0, 0x00, 0x00, 0x00, 0x00, 0x1D, 0xE0, 0x70, 0x00, 0x00, 0x80,
    0x00, 0x00, 0x00, 0x00, 0xE7, 0xB7, 0xFF, 0xFF, 0xFF, 0xFF, 0xE4, 0x7F,
    0xFF, 0xFF, 0xFF, 0xFF, 0xE7, 0xA7, 0xE0, 0x00, 0x00, 0x80, 0x00, 0x30,
    0x00, 0x00, 0xB1, 0xE5, 0x4A, 0x40, 0x00, 0x00, 0x9E, 0x58, 0x0A, 0x00,
    0x00, 0x52, 0xA4, 0xB8, 0xE0, 0x00, 0x00, 0x80, 0x00, 0x10, 0x00, 0x00,
    0x3B, 0xC6, 0x00, 0x62, 0x48, 0x00, 0xD1, 0x4A, 0x46, 0x12, 0x54, 0x9D,
    0x95, 0xA1, 0x20, 0x00, 0x00, 0x80, 0x00, 0x40, 0x00, 0x00, 0x37, 0xF5,
    0x63, 0x7C, 0xFB, 0xBA, 0x7B, 0x7D, 0x75, 0xBF, 0xFE, 0xFB, 0xED, 0x5F,
    0x80, 0x00, 0x1C, 0x80, 0x00, 0x48, 0x00, 0x00, 0x36, 0xBB, 0x69, 0xF6,
    0xF7, 0x7B, 0x5B, 0xDF, 0x53, 0xE6, 0x77, 0xF8, 0x79, 0x92, 0x80, 0x00,
    0x00, 0x80, 0x00, 0x4E, 0x00, 0x00, 0x00, 0x00, 0x00, 0x00, 0x00, 0x00,
    0x00, 0x00, 0x00, 0x00, 0x00, 0x00, 0x00, 0x00, 0x00, 0x00, 0x20, 0x80,
    0x00, 0x00, 0x00, 0x00, 0x00, 0x00, 0x00, 0x00, 0x00, 0x00, 0x00, 0x00,
    0x00, 0x00, 0x00, 0x00, 0x00, 0x00, 0x00, 0x00, 0x00, 0x00, 0x00, 0x00,
    0x00, 0x00, 0x00, 0x00, 0x00, 0x00, 0x00, 0x00, 0x00, 0x00, 0x00, 0x00,
    0x00, 0x00, 0x00, 0x00, 0x00, 0x00, 0x00, 0x00, 0x00, 0x00, 0x40, 0x00,
    0x00, 0x00, 0x00, 0x00, 0x00, 0x00, 0x00, 0x00, 0x00, 0x00, 0x00, 0x00,
    0x00, 0x00, 0x00, 0x00, 0x00, 0x00, 0x00, 0x00, 0x40, 0x00, 0x00, 0x00,
    0x00, 0x00, 0x00, 0x00, 0x00, 0x00, 0x00, 0x00, 0x00, 0x00, 0x00, 0x00,
    0x00, 0x00, 0x00, 0x00, 0x00, 0x00, 0x30, 0x00, 0x00, 0x00, 0x00, 0x00,
    0x00, 0x00, 0x00, 0x00, 0x00, 0x00, 0x00, 0x00, 0x00, 0x00, 0x00, 0x07,
    0x00, 0x00, 0x00, 0x00, 0x00, 0x00, 0x00, 0x00, 0x00, 0x00, 0x00, 0x00,
    0x00, 0x00, 0x00, 0x00, 0x00, 0x00, 0x00, 0x00, 0x00, 0x00, 0x00, 0x00,
    0x00, 0x00, 0x00, 0x00, 0x00, 0x00, 0x00, 0x00, 0x00, 0x00, 0x00, 0x00,
    0x00, 0x00, 0x00, 0x00, 0x00, 0x00, 0x00, 0x00, 0x00, 0x00, 0x00, 0x00,
    0x00, 0x00, 0x00, 0x00, 0x00, 0x00, 0x00, 0x00, 0x00, 0x00, 0x00, 0x00,
    0x00, 0x00, 0x00, 0x00, 0x00, 0x00, 0x80, 0x00, 0x00, 0x00, 0x00, 0x00,
    0x00, 0x00, 0x00, 0x00, 0x00, 0x00, 0x00, 0x00, 0x00, 0x00, 0x00, 0x00,
    0x00, 0x00, 0x00, 0x00, 0x00, 0x00, 0x00, 0x00, 0x7F, 0xFF, 0xFF, 0xFF,
    0xFF, 0xFF, 0xFF, 0xFF, 0xFF, 0xFF, 0xFF, 0xFF, 0xFF, 0xFF, 0xFF, 0xFF,
    0xFF, 0xFF, 0x00, 0x00, 0x00, 0x00, 0x00, 0x00, 0x00, 0x00, 0x00, 0x00,
    0x00, 0x00, 0x00, 0x00, 0x00, 0x00, 0x00, 0x00, 0x00, 0x00, 0x00, 0x00,
    0x00, 0x00, 0x00, 0x00, 0x00, 0x00, 0x00, 0x00, 0x00, 0x00, 0x00, 0x00,
    0x00, 0x00, 0x00, 0x00, 0x00, 0x00, 0x00, 0x00, 0x00, 0x00, 0x00, 0x00,
    0x00, 0x00, 0x00, 0x00, 0x00, 0x00, 0x00, 0x00, 0x00, 0x00, 0x00, 0x00,
    0x00, 0x00, 0x00, 0x00, 0x00, 0x00, 0x00, 0x00, 0x00, 0x00, 0x00, 0x00,
    0x00, 0x00, 0x00, 0x00, 0x00, 0x00, 0x00, 0x00, 0x00, 0x00, 0x00, 0x00,
    0x00, 0x00, 0x00, 0x00, 0x00, 0x00, 0x00, 0x00,
};

constexpr uint8_t kFocusBlackData[] = {
    0x00, 0x00, 0x00, 0x00, 0x00, 0x00, 0x00, 0x00, 0x00, 0x00, 0x00, 0x00,
    0x00, 0x00, 0x00, 0x00, 0x00, 0x00, 0x00, 0x00, 0x00, 0x00, 0x00, 0x00,
    0x00, 0x00, 0x00, 0x00, 0x00, 0x00, 0x00, 0x00, 0x00, 0x00, 0x00, 0x00,
    0x00, 0x00, 0x00, 0x00, 0x00, 0x00, 0x00, 0x00, 0x00, 0x00, 0x00, 0x00,
    0x00, 0x00, 0x00, 0x00, 0x00, 0x00, 0x00, 0x00, 0x00, 0x00, 0x00, 0x00,
    0x00, 0x00, 0x00, 0x00, 0x00, 0x00, 0x00, 0x00, 0x00, 0x00, 0x00, 0x00,
    0x00, 0x00, 0x00, 0x00, 0x00, 0x00, 0x00, 0x00, 0x00, 0x00, 0x00, 0x00,
    0x00, 0x00, 0x00, 0x00, 0x00, 0x00, 0x00, 0x00, 0x00, 0x00, 0x00, 0x00,
    0x00, 0x00, 0x00, 0x00, 0x00, 0x00, 0x00, 0x00, 0x00, 0x00, 0x00, 0x00,
    0x00, 0x00, 0x00, 0x00, 0x00, 0x00, 0x00, 0x00, 0x0F, 0xFF, 0xFF, 0xFF,
    0xFF, 0xFF, 0xFF, 0xFC, 0x00, 0x00, 0x00, 0x00, 0x00, 0x00, 0x00, 0x00,
    0x00, 0x00, 0x00, 0x00, 0x00, 0x00, 0x0F, 0xFF, 0xFF, 0xFF, 0xFF, 0xFF,
    0xFF, 0xFC, 0x00, 0x00, 0x00, 0x00, 0x00, 0x00, 0x00, 0x00, 0x00, 0x00,
    0x00, 0x00, 0x00, 0x00, 0x3C, 0x00, 0x00, 0x00, 0x00, 0x00, 0x00, 0x0E,
    0x00, 0x00, 0x00, 0x00, 0x00, 0x00, 0x00, 0x00, 0x00, 0x00, 0x00, 0x00,
    0x00, 0x00, 0x3C, 0x00, 0x00, 0x00, 0x00, 0x00, 0x00, 0x0F, 0x80, 0x00,
    0x00, 0x00, 0x00, 0x00, 0x00, 0x00, 0x00, 0x00, 0x00, 0x00, 0x00, 0x01,
    0xE0, 0x00, 0x00, 0x00, 0x00, 0x00, 0x00, 0x03, 0x80, 0x00, 0x00, 0x00,
    0x00, 0x00, 0x00, 0x00, 0x00, 0x00, 0x00, 0x00, 0x00, 0x01, 0xE0, 0x00,
    0x00, 0x00, 0x00, 0x00, 0x00, 0x01, 0xC0, 0x00, 0x00, 0x00, 0x00, 0x00,
    0x00, 0x00, 0x00, 0x00, 0x00, 0x00, 0x00, 0x01, 0xE0, 0x00, 0x00, 0x00,
    0x00, 0x00, 0x00, 0x01, 0xC0, 0x00, 0x00, 0x00, 0x00, 0x00, 0x00, 0x00,
    0x00, 0x00, 0x00, 0x00, 0x00, 0x07, 0x80, 0x00, 0x00, 0x00, 0x00, 0x00,
    0x00, 0x00, 0x70, 0x00, 0x00, 0x00, 0x00, 0x00, 0x00, 0x00, 0x00, 0x00,
    0x00, 0x00, 0x00, 0x07, 0x80, 0x00, 0x00, 0x00, 0x00, 0x00, 0x00, 0x00,
    0x70, 0x00, 0x00, 0x00, 0x00, 0x00, 0x00, 0x00, 0x00, 0x00, 0x00, 0x00,
    0x00, 0x06, 0x00, 0x00, 0x00, 0x00, 0x00, 0x00, 0x00, 0x00, 0x70, 0x00,
    0x00, 0x00, 0x00, 0x00, 0x00, 0x00, 0x00, 0x00, 0x00, 0x00, 0x00, 0x06,
    0x00, 0x00, 0x00, 0x00, 0x00, 0x00, 0x00, 0x00, 0x70, 0x00, 0x00, 0x00,
    0x00, 0x00, 0x00, 0x00, 0x00, 0x00, 0x00, 0x00, 0x00, 0x06, 0x00, 0x00,
    0x00, 0x00, 0x00, 0x00, 0x00, 0x00, 0x7C, 0x00, 0x00, 0x00, 0x00, 0x00,
    0x00, 0x00, 0x00, 0x00, 0x00, 0x00, 0x00, 0x06, 0x00, 0x00, 0x00, 0x00,
    0x00, 0x00, 0x00, 0x00, 0x7C, 0x00, 0x00, 0x00, 0x00, 0x00, 0x00, 0x00,
    0x00, 0x00, 0x00, 0x00, 0x00, 0x06, 0x00, 0x00, 0x00, 0x00, 0x00, 0x00,
    0x00, 0x00, 0x1F, 0xFF, 0x80, 0x00, 0x00, 0x00, 0x00, 0x00, 0x00, 0x00,
    0x00, 0x00, 0x00, 0x06, 0x00, 0x00, 0x00, 0x00, 0x00, 0x00, 0x00, 0x00,
    0x1F, 0xFF, 0x80, 0x00, 0x00, 0x00, 0x00, 0x00, 0x00, 0x00, 0x00, 0x00,
    0x00, 0x06, 0x00, 0x00, 0x00, 0x00, 0x00, 0x00, 0x00, 0x00, 0x1F, 0xFF,
    0x80, 0x00, 0x00, 0x00, 0x00, 0x00, 0x00, 0x00, 0x00, 0x00, 0x00, 0x06,
    0x00, 0x00, 0x00, 0x00, 0x00, 0x00, 0x00, 0x00, 0x00, 0x00, 0xF0, 0x00,
    0x00, 0x00, 0x00, 0x00, 0x00, 0x00, 0x00, 0x00, 0x00, 0x06, 0x00, 0x00,
    0x00, 0x00, 0x00, 0x00, 0x00, 0x00, 0x00, 0x00, 0xF0, 0x00, 0x00, 0x00,
    0x00, 0x00, 0x00, 0x00, 0x00, 0x00, 0x00, 0x3E, 0x00, 0x00, 0x00, 0x00,
    0x00, 0x00, 0x00, 0x00, 0x00, 0x00, 0x1C, 0x00, 0x00, 0x00, 0x00, 0x00,
    0x00, 0x00, 0x00, 0x00, 0x00, 0x3E, 0x00, 0x00, 0x00, 0x00, 0x00, 0x00,
    0x00, 0x00, 0x00, 0x00, 0x1C, 0x00, 0x00, 0x00, 0x00, 0x00, 0x00, 0x00,
    0x00, 0x00, 0x00, 0x3E, 0x00, 0x00, 0x00, 0x00, 0x00, 0x00, 0x00, 0x00,
    0x00, 0x00, 0x1F, 0x00, 0x00, 0x00, 0x00, 0x00, 0x00, 0x00, 0x00, 0x00,
    0xFF, 0xF0, 0x00, 0x00, 0x00, 0x00, 0x00, 0x00, 0x00, 0x00, 0x00, 0x00,
    0x0F, 0x00, 0x00, 0x00, 0x00, 0x00, 0x00, 0x00, 0x00, 0x00, 0xFF, 0xF0,
    0x00, 0x00, 0x00, 0x00, 0x00, 0x00, 0x00, 0x00, 0x00, 0x00, 0x07, 0x00,
    0x00, 0x00, 0x00, 0x00, 0x00, 0x00, 0x00, 0x0F, 0x80, 0x00, 0x00, 0x00,
    0x00, 0x00, 0x7F, 0x80, 0x00, 0x00, 0x00, 0x00, 0x07, 0x00, 0x00, 0x00,
    0x00, 0x00, 0x00, 0x00, 0x00, 0x0F, 0x80, 0x00, 0x00, 0x00, 0x00, 0x00,
    0x7F, 0x80, 0x00, 0x00, 0x00, 0x00, 0x07, 0x00, 0x00, 0x00, 0x00, 0x00,
    0x00, 0x00, 0x00, 0x0F, 0x80, 0x00, 0x00, 0x00, 0x00, 0x00, 0x7F, 0x80,
    0x00, 0x00, 0x00, 0x00, 0x07, 0x00, 0x00, 0x00, 0x00, 0x00, 0x00, 0x00,
    0x00, 0x3C, 0x00, 0x00, 0x00, 0x00, 0x00, 0x00, 0xC0, 0x70, 0x00, 0x00,
    0x00, 0x00, 0x07, 0x00, 0x00, 0x00, 0x00, 0x00, 0x00, 0x00, 0x00, 0x3C,
    0x00, 0x00, 0x00, 0x00, 0x00, 0x03, 0xC0, 0x70, 0x00, 0x00, 0x00, 0x00,
    0x07, 0x00, 0x00, 0x00, 0x00, 0x00, 0x00, 0x00, 0x00, 0xF0, 0x00, 0x00,
    0x00, 0x00, 0x00, 0x03, 0x00, 0x38, 0x00, 0x00, 0x00, 0x00, 0x07, 0x00,
    0x00, 0x00, 0x00, 0x00, 0x00, 0x00, 0x00, 0xF0, 0x00, 0x00, 0x00, 0x00,
    0x00, 0x07, 0x00, 0x38, 0x00, 0x00, 0x00, 0x00, 0x07, 0x00, 0x00, 0x00,
    0x00, 0x00, 0x00, 0x00, 0x00, 0xC0, 0x00, 0x00, 0x00, 0x00, 0x00, 0x0C,
    0x00, 0x0E, 0x00, 0x00, 0x00, 0x00, 0x07, 0xE0, 0x00, 0x00, 0x00, 0x00,
    0x00, 0x00, 0x00, 0xC0, 0x00, 0x00, 0x00, 0x00, 0x00, 0x0C, 0x00, 0x0E,
    0x00, 0x00, 0x00, 0x00, 0x03, 0xE0, 0x00, 0x00, 0x00, 0x00, 0x00, 0x00,
    0x00, 0xC0, 0x00, 0x00, 0x00, 0x00, 0x00, 0x0C, 0x00, 0x0E, 0x00, 0x00,
    0x00, 0x00, 0x00, 0xE0, 0x00, 0x00, 0x00, 0x00, 0x00, 0x00, 0x00, 0xC0,
    0x00, 0x01, 0xFE, 0x00, 0x00, 0x0C, 0x00, 0x0E, 0x00, 0x00, 0x00, 0x00,
    0x00, 0xFC, 0x00, 0x00, 0x00, 0x00, 0x00, 0x00, 0x00, 0xC0, 0x00, 0x01,
    0xFE, 0x00, 0x00, 0x0C, 0x00, 0x0E, 0x00, 0x00, 0x0C, 0x00, 0x00, 0xFC,
    0x00, 0x00, 0x00, 0x00, 0x00, 0x00, 0x00, 0xC0, 0x00, 0x07, 0xFF, 0x80,
    0x00, 0x0C, 0x00, 0x0E, 0x00, 0x00, 0x1E, 0x00, 0x00, 0x07, 0xC0, 0x00,
    0x00, 0x00, 0x00, 0x00, 0x00, 0xC0, 0x00, 0x07, 0x07, 0x80, 0x00, 0x0C,
    0x00, 0x0E, 0x00, 0x00, 0x3E, 0x00, 0x00, 0x07, 0xC0, 0x00, 0x00, 0x00,
    0x00, 0x00, 0x00, 0xC0, 0x00, 0x0F, 0x07, 0xC0, 0x00, 0x0C, 0x00, 0x0E,
    0x00, 0x00, 0x3E, 0x00, 0x00, 0x07, 0xC0, 0x00, 0x00, 0x00, 0x00, 0x00,
    0x00, 0xC0, 0x00, 0x1C, 0x00, 0xF0, 0x00, 0x0C, 0x00, 0x0E, 0x00, 0x00,
    0xFE, 0x00, 0x00, 0x00, 0xF8, 0x00, 0x00, 0x00, 0x00, 0x00, 0x00, 0xC0,
    0x00, 0x1C, 0x00, 0xF0, 0x00, 0x0C, 0x00, 0x0E, 0x00, 0x00, 0xFE, 0x00,
    0x00, 0x00, 0xF8, 0x00, 0x00, 0x00, 0x00, 0x00, 0x00, 0xC0, 0x00, 0x38,
    0x00, 0x3C, 0x00, 0x0C, 0x00, 0x0E, 0x00, 0x00, 0xFE, 0x00, 0x00, 0x00,
    0x3C, 0x00, 0x00, 0x00, 0x00, 0x00, 0x00, 0xC0, 0x00, 0x38, 0x00, 0x3C,
    0x00, 0x0C, 0x00, 0x0E, 0x00, 0x00, 0xFC, 0x00, 0x00, 0x00, 0x0C, 0x00,
    0x00, 0x00, 0x00, 0x00, 0x00, 0xC0, 0x00, 0x38, 0x00, 0x3C, 0x00, 0x0C,
    0x00, 0x0E, 0x00, 0x00, 0xFC, 0x00, 0x00, 0x00, 0x1F, 0x80, 0x00, 0x00,
    0x00, 0x00, 0x00, 0xC0, 0x00, 0x38, 0x00, 0x0E, 0x00, 0x0C, 0x00, 0x0E,
    0x00, 0x00, 0xF0, 0x00, 0x00, 0x00, 0x1F, 0x80, 0x00, 0x00, 0x00, 0x00,
    0x00, 0xC0, 0x00, 0x38, 0x00, 0x0E, 0x00, 0x0C, 0x00, 0x0E, 0x00, 0x00,
    0xF0, 0x00, 0x00, 0x00, 0x03, 0x80, 0x00, 0x00, 0x00, 0x00, 0x00, 0xC0,
    0x00, 0x38, 0x00, 0x07, 0x80, 0x0C, 0x00, 0x0E, 0x00, 0x00, 0xE0, 0x00,
    0x1E, 0x00, 0x03, 0x80, 0x00, 0x00, 0x00, 0x00, 0x00, 0xC0, 0x00, 0x38,
    0x00, 0x07, 0x80, 0x0C, 0x00, 0x0E, 0x00, 0x00, 0xE0, 0x00, 0x1E, 0x00,
    0x03, 0x80, 0x00, 0x00, 0x00, 0x00, 0x00, 0xC0, 0x00, 0x38, 0x00, 0x07,
    0x80, 0x0C, 0x00, 0x0E, 0x00, 0x00, 0xE0, 0x00, 0xFE, 0x00, 0x03, 0x80,
    0x00, 0x00, 0x00, 0x00, 0x00, 0xC0, 0x00, 0x1E, 0x00, 0x01, 0xC0, 0x0C,
    0x00, 0x0E, 0x00, 0x00, 0x00, 0x00, 0xF8, 0x00, 0x03, 0x80, 0x00, 0x00,
    0x00, 0x00, 0x00, 0xC0, 0x00, 0x1E, 0x00, 0x01, 0xC0, 0x0C, 0x00, 0x0E,
    0x00, 0x00, 0x00, 0x01, 0xF8, 0x00, 0x03, 0x80, 0x00, 0x00, 0x00, 0x00,
    0x00, 0xC0, 0x00, 0x06, 0x00, 0x00, 0x70, 0x0F, 0x00, 0x0E, 0x00, 0x00,
    0x00, 0x03, 0xE0, 0x00, 0x03, 0x80, 0x00, 0x00, 0x00, 0x00, 0x00, 0xC0,
    0x00, 0x06, 0x00, 0x00, 0x70, 0x0F, 0x00, 0x0E, 0x00, 0x00, 0x00, 0x03,
    0xE0, 0x00, 0x03, 0x80, 0x00, 0x00, 0x00, 0x00, 0x00, 0xC0, 0x00, 0x06,
    0x00, 0x00, 0x70, 0x0F, 0x00, 0x0E, 0x00, 0x00, 0x00, 0x0F, 0xE0, 0x00,
    0x03, 0x80, 0x00, 0x00, 0x00, 0x00, 0x00, 0xC0, 0x00, 0x07, 0x80, 0x00,
    0x3F, 0xFF, 0x00, 0x0E, 0x00, 0x00, 0x00, 0x0F, 0x00, 0x00, 0x03, 0x80,
    0x00, 0x00, 0x00, 0x00, 0x00, 0xC0, 0x00, 0x07, 0x80, 0x00, 0x3F, 0xFF,
    0x00, 0x0E, 0x00, 0x00, 0x00, 0x3F, 0x00, 0x00, 0x03, 0x80, 0x00, 0x00,
    0x00, 0x00, 0x00, 0xC0, 0x00, 0x01, 0xC0, 0x00, 0x3E, 0x00, 0x00, 0x0E,
    0x00, 0x00, 0x00, 0x3C, 0x00, 0x00, 0x03, 0x80, 0x00, 0x00, 0x00, 0x00,
    0x03, 0xC0, 0x00, 0x01, 0xC0, 0x00, 0x3E, 0x00, 0x00, 0x0F, 0x80, 0x00,
    0x00, 0x3C, 0x00, 0x00, 0x03, 0x80, 0x00, 0x00, 0x00, 0x00, 0x03, 0xC0,
    0x00, 0x01, 0xC0, 0x00, 0x3E, 0x00, 0x00, 0x0F, 0x80, 0x00, 0x00, 0x3C,
    0x00, 0x00, 0x03, 0x80, 0x00, 0x00, 0x00, 0x00, 0x3F, 0x00, 0x00, 0x00,
    0x70, 0x00, 0x00, 0x00, 0x00, 0x01, 0xC0, 0x00, 0x00, 0x00, 0x00, 0x00,
    0x03, 0x80, 0x00, 0x00, 0x00, 0x00, 0x7F, 0x00, 0x00, 0x00, 0x70, 0x00,
    0x00, 0x00, 0x00, 0x01, 0xC0, 0x00, 0x00, 0x00, 0x00, 0x00, 0x03, 0x80,
    0x00, 0x00, 0x00, 0x00, 0x7F, 0x00, 0x00, 0x00, 0x3C, 0x00, 0x00, 0x00,
    0x00, 0x00, 0x70, 0x00, 0x00, 0x00, 0x00, 0x00, 0x03, 0x80, 0x00, 0x00,
    0x00, 0x01, 0xF0, 0x00, 0x00, 0x00, 0x3C, 0x00, 0x00, 0x00, 0x00, 0x00,
    0x70, 0x00, 0x00, 0x00, 0x00, 0x00, 0x03, 0x80, 0x00, 0x00, 0x00, 0x01,
    0xE0, 0x00, 0x00, 0x00, 0x3C, 0x00, 0x00, 0x00, 0x00, 0x00, 0x7C, 0x00,
    0x00, 0x00, 0x00, 0x00, 0x03, 0x80, 0x00, 0x00, 0x00, 0x03, 0x80, 0x00,
    0x00, 0x00, 0x0E, 0x00, 0x00, 0x00, 0x00, 0x00, 0x1C, 0x00, 0x00, 0x00,
    0x1F, 0xC0, 0x03, 0x80, 0x00, 0x00, 0x00, 0x0F, 0x80, 0x00, 0x00, 0x00,
    0x07, 0x00, 0x00, 0x00, 0x00, 0x00, 0x0E, 0x00, 0x00, 0x00, 0xFF, 0xC0,
    0x03, 0x80, 0x00, 0x00, 0x00, 0x0F, 0x00, 0x00, 0x00, 0x00, 0x07, 0x00,
    0x00, 0x00, 0x00, 0x00, 0x0E, 0x00, 0x00, 0x00, 0xFF, 0xC0, 0x03, 0x80,
    0x00, 0x00, 0x00, 0x0C, 0x00, 0x00, 0x00, 0x00, 0x07, 0x00, 0x00, 0x00,
    0x00, 0x00, 0x01, 0x80, 0x00, 0x00, 0x00, 0x00, 0x03, 0x80, 0x00, 0x00,
    0x00, 0x0C, 0x00, 0x00, 0x00, 0x00, 0x06, 0x00, 0x00, 0x00, 0x00, 0x00,
    0x01, 0x80, 0x00, 0x00, 0x00, 0x00, 0x03, 0x80, 0x00, 0x00, 0x00, 0x0C,
    0x00, 0x00, 0x00, 0x00, 0x3E, 0x00, 0x00, 0x00, 0x00, 0x00, 0x01, 0x80,
    0x00, 0x00, 0x00, 0x00, 0x03, 0x80, 0x00, 0x00, 0x00, 0x0C, 0x00, 0x00,
    0x00, 0x00, 0x3E, 0x00, 0x00, 0x00, 0x00, 0x00, 0x01, 0x80, 0x00, 0x00,
    0x00, 0x00, 0x03, 0x80, 0x00, 0x00, 0x00, 0x0C, 0x00, 0x00, 0x00, 0x00,
    0x38, 0x00, 0x00, 0x00, 0x00, 0x00, 0x01, 0x80, 0x00, 0x00, 0x00, 0x00,
    0x03, 0xE0, 0x00, 0x00, 0x00, 0x0C, 0x00, 0x00, 0x00, 0x00, 0x38, 0x00,
    0x00, 0x00, 0x00, 0x00, 0x01, 0xF0, 0x00, 0x00, 0x00, 0x00, 0x03, 0xE0,
    0x00, 0x00, 0x00, 0x0C, 0x00, 0x00, 0x00, 0x00, 0x38, 0x00, 0x00, 0x00,
    0x00, 0x00, 0x00, 0x70, 0x00, 0x00, 0x00, 0x00, 0x00, 0x78, 0x00, 0x00,
    0x00, 0x0C, 0x00, 0x00, 0x00, 0x00, 0xC0, 0x00, 0x00, 0x00, 0x00, 0x00,
    0x00, 0x70, 0x00, 0x00, 0x00, 0x00, 0x00, 0x78, 0x00, 0x00, 0x00, 0x0C,
    0x00, 0x00, 0x00, 0x00, 0xC0, 0x00, 0x00, 0x00, 0x00, 0x00, 0x00, 0x70,
    0x00, 0x00, 0x00, 0x00, 0x00, 0x1F, 0x00, 0x00, 0x00, 0x0C, 0x00, 0x00,
    0x00, 0x00, 0xC0, 0x00, 0x00, 0x00, 0x00, 0x3C, 0x00, 0x70, 0x00, 0x00,
    0x00, 0x00, 0x00, 0x1F, 0x00, 0x00, 0x00, 0x0C, 0x00, 0x00, 0x00, 0x00,
    0xC0, 0x00, 0x00, 0x00, 0x00, 0x3C, 0x00, 0x70, 0x00, 0x00, 0x00, 0x00,
    0x00, 0x07, 0xC0, 0x00, 0x00, 0x0C, 0x00, 0x00, 0x00, 0x00, 0xC0, 0x00,
    0x00, 0x00, 0x00, 0x3C, 0x00, 0x70, 0x00, 0x00, 0x00, 0x00, 0x00, 0x07,
    0xC0, 0x00, 0x00, 0x0C, 0x00, 0x00, 0x00, 0x00, 0xC0, 0x00, 0x00, 0x00,
    0x00, 0x3C, 0x00, 0x70, 0x00, 0x00, 0x00, 0x00, 0x00, 0x07, 0xC0, 0x00,
    0x00, 0x0C, 0x00, 0x00, 0x00, 0x00, 0xC0, 0x00, 0x0F, 0x00, 0x00, 0x3C,
    0x00, 0x70, 0x07, 0xE0, 0x00, 0x00, 0x00, 0x00, 0xF8, 0x00, 0x00, 0x0C,
    0x00, 0x00, 0x00, 0x00, 0xC0, 0x00, 0x0F, 0x00, 0x00, 0x3C, 0x00, 0x70,
    0x07, 0xE0, 0x00, 0x00, 0x00, 0x00, 0xF8, 0x00, 0x00, 0x0C, 0x00, 0x00,
    0x00, 0x00, 0xC0, 0x00, 0x0F, 0x00, 0x00, 0x00, 0x00, 0x70, 0x1F, 0xE0,
    0x00, 0x00, 0x00, 0x00, 0x38, 0x00, 0x00, 0x0C, 0x00, 0x00, 0x00, 0x00,
    0xC0, 0x00, 0x0F, 0x01, 0xF8, 0x00, 0x00, 0x70, 0x3F, 0xE0, 0x00, 0x00,
    0x00, 0x00, 0x38, 0x00, 0x00, 0x0C, 0x00, 0x00, 0x00, 0x00, 0xC0, 0x00,
    0x0F, 0x01, 0xF8, 0x00, 0x00, 0x70, 0x3F, 0xE0, 0x00, 0x00, 0x00, 0x00,
    0x38, 0x00, 0x00, 0x0C, 0x00, 0x00, 0x00, 0x00, 0xC0, 0x00, 0x00, 0x01,
    0xF8, 0x00, 0x00, 0x60, 0x77, 0x80, 0x00, 0x00, 0x00, 0x00, 0x38, 0x00,
    0x00, 0x0C, 0x00, 0x00, 0x00, 0x00, 0xC0, 0x00, 0x00, 0x01, 0xF9, 0x80,
    0x0F, 0x61, 0xF7, 0x80, 0x00, 0x00, 0x00, 0x00, 0x38, 0x00, 0x00, 0x0C,
    0x00, 0x00, 0x00, 0x00, 0xC0, 0x00, 0x00, 0x00, 0x61, 0x80, 0x0F, 0x81,
    0xCE, 0x00, 0x00, 0x00, 0x00, 0x00, 0x38, 0x00, 0x00, 0x0C, 0x00, 0x00,
    0x00, 0x00, 0x38, 0x00, 0x00, 0x00, 0x61, 0x80, 0x0F, 0x81, 0xCE, 0x00,
    0x00, 0x00, 0x00, 0x00, 0x38, 0x00, 0x00, 0x0C, 0x00, 0x00, 0x00, 0x00,
    0x38, 0x00, 0x00, 0x0F, 0x9E, 0x00, 0x7F, 0xFF, 0x33, 0xFC, 0x00, 0x00,
    0x00, 0x00, 0x38, 0x00, 0x00, 0x0C, 0x00, 0x00, 0x00, 0x00, 0x38, 0x00,
    0x00, 0x0F, 0x9E, 0x00, 0x7F, 0xFF, 0x33, 0xFC, 0x00, 0x00, 0x00, 0x00,
    0x38, 0x00, 0x00, 0x0C, 0x00, 0x00, 0x00, 0x00, 0x3E, 0x00, 0x00, 0x03,
    0xFC, 0x3F, 0x83, 0xFF, 0xFF, 0xFF, 0xE0, 0x00, 0x00, 0x00, 0x38, 0x00,
    0x00, 0x0C, 0x00, 0x00, 0x00, 0x00, 0x0E, 0x00, 0x00, 0x03, 0xF8, 0x3F,
    0x83, 0xFF, 0xFF, 0xFF, 0xE0, 0x00, 0x00, 0x00, 0x38, 0x00, 0x00, 0x0C,
    0x00, 0x00, 0x00, 0x00, 0x0F, 0x00, 0x00, 0x00, 0x03, 0xF0, 0x01, 0xFF,
    0xFF, 0xDF, 0xFF, 0x00, 0x00, 0x00, 0x38, 0x00, 0x00, 0x0C, 0x00, 0x00,
    0x00, 0x00, 0x07, 0x00, 0x00, 0x00, 0x03, 0xE0, 0x01, 0xFF, 0xFF, 0x86,
    0xFF, 0x00, 0x00, 0x00, 0x38, 0x00, 0x00, 0x0C, 0x00, 0x00, 0x00, 0x00,
    0x07, 0x00, 0x00, 0x00, 0x03, 0xF0, 0x13, 0xFF, 0xFF, 0x83, 0xFF, 0x00,
    0x00, 0x00, 0x38, 0x00, 0x00, 0x0C, 0x00, 0x00, 0x00, 0x00, 0x39, 0xC0,
    0x00, 0x00, 0x1E, 0x00, 0x0F, 0xFF, 0xFF, 0xE0, 0x17, 0xE0, 0x00, 0x00,
    0x38, 0x00, 0x00, 0x0C, 0x00, 0x00, 0x00, 0x00, 0x39, 0xC0, 0x00, 0x00,
    0x1E, 0x00, 0x0F, 0xF3, 0xFF, 0xE0, 0x97, 0xE0, 0x00, 0x00, 0x38, 0x00,
    0x00, 0x0C, 0x00, 0x00, 0x00, 0x01, 0xC0, 0x38, 0x00, 0x01, 0xF2, 0x00,
    0x3F, 0x80, 0x0F, 0xF0, 0x00, 0xF8, 0x00, 0x00, 0x38, 0x00, 0x00, 0x0C,
    0x00, 0x00, 0x00, 0x01, 0xC0, 0x38, 0x00, 0x01, 0xFC, 0x00, 0x0F, 0x82,
    0x5F, 0xF0, 0x00, 0xF8, 0x00, 0x00, 0x38, 0x00, 0x00, 0x0C, 0x00, 0x00,
    0x00, 0x06, 0x00, 0x07, 0xC0, 0x03, 0xE0, 0x00, 0x0C, 0x80, 0x6C, 0xE0,
    0x00, 0xFC, 0x00, 0x00, 0x38, 0x00, 0x00, 0x0C, 0x00, 0x00, 0x00, 0x06,
    0x00, 0x07, 0xC0, 0x03, 0xC0, 0x00, 0x12, 0x00, 0x00, 0xC0, 0x00, 0x9C,
    0x00, 0x00, 0x38, 0x00, 0x00, 0x0C, 0x00, 0x00, 0x00, 0x1E, 0x00, 0x07,
    0xC0, 0x03, 0xE0, 0x00, 0xA0, 0x00, 0x40, 0xA0, 0x00, 0x1C, 0x00, 0x00,
    0x38, 0x00, 0x00, 0x0C, 0x00, 0x00, 0x00, 0x38, 0x00, 0x00, 0x0F, 0xFF,
    0xD9, 0x82, 0x03, 0xFF, 0xF8, 0x00, 0x00, 0x0F, 0x00, 0x00, 0x38, 0x00,
    0x00, 0x0C, 0x00, 0x00, 0x00, 0x78, 0x00, 0x00, 0x0F, 0xFE, 0x11, 0x0A,
    0x03, 0xFF, 0xF8, 0x00, 0x04, 0xAF, 0x00, 0x00, 0x38, 0x00, 0x00, 0x0C,
    0x00, 0x00, 0x01, 0xC0, 0x00, 0x00, 0x00, 0x1F, 0xB4, 0x86, 0x7C, 0x00,
    0x07, 0x90, 0x00, 0x57, 0x80, 0x00, 0x38, 0x00, 0x00, 0x0C, 0x00, 0x00,
    0x01, 0xC0, 0x00, 0x00, 0x00, 0x1E, 0x10, 0x22, 0x7C, 0x00, 0x07, 0x80,
    0x00, 0x07, 0x80, 0x00, 0x38, 0x00, 0x00, 0x0C, 0x00, 0x00, 0x01, 0xC0,
    0x00, 0x00, 0x00, 0x1F, 0xE8, 0xC6, 0x7C, 0x00, 0x07, 0x80, 0x03, 0x47,
    0xC0, 0x00, 0x38, 0x00, 0x00, 0x0C, 0x00, 0x00, 0x07, 0x80, 0x00, 0x00,
    0x00, 0x79, 0xE1, 0x01, 0xC0, 0x0C, 0x00, 0x70, 0x14, 0xA7, 0xC0, 0x00,
    0x38, 0x00, 0x00, 0x0C, 0x00, 0x00, 0x07, 0x00, 0x00, 0x00, 0x00, 0x78,
    0x70, 0x21, 0xC0, 0x0C, 0x00, 0x70, 0x00, 0x85, 0xC0, 0x00, 0x38, 0x00,
    0x00, 0x0C, 0x00, 0x00, 0x06, 0x00, 0x00, 0x00, 0x00, 0x70, 0x04, 0x2E,
    0x00, 0x00, 0x00, 0x0C, 0x00, 0x61, 0xE0, 0x00, 0x38, 0x00, 0x00, 0x0C,
    0x00, 0x00, 0x1E, 0x00, 0x00, 0x00, 0x38, 0x7A, 0x41, 0x2E, 0x00, 0x00,
    0x00, 0x0E, 0x94, 0xA0, 0xE0, 0x00, 0x38, 0x00, 0x00, 0x0C, 0x00, 0x00,
    0x1E, 0x00, 0x00, 0x00, 0x38, 0x70, 0x02, 0x0E, 0x00, 0x00, 0x00, 0x0C,
    0x20, 0x21, 0xF8, 0x00, 0x38, 0x00, 0x00, 0x0C, 0x00, 0x00, 0x38, 0x00,
    0x00, 0x00, 0x07, 0xFF, 0xE1, 0x38, 0xC0, 0x0C, 0x00, 0x03, 0x00, 0x04,
    0x78, 0x00, 0x38, 0x00, 0x00, 0x0C, 0x00, 0x00, 0x38, 0x00, 0x00, 0x00,
    0x07, 0xFF, 0xE0, 0x38, 0xC0, 0x0C, 0x00, 0x03, 0x04, 0x04, 0x78, 0x00,
    0x38, 0x00, 0x00, 0x0C, 0x00, 0x00, 0xF8, 0x00, 0x00, 0x00, 0x00, 0x00,
    0x1E, 0xF8, 0x00, 0x0C, 0x00, 0x03, 0x80, 0x63, 0xB8, 0x00, 0x38, 0x00,
    0x00, 0x0C, 0x00, 0x00, 0xF8, 0x00, 0x00, 0x00, 0x00, 0x00, 0x1C, 0x38,
    0x00, 0x0C, 0x00, 0x03, 0x80, 0x04, 0x78, 0x00, 0x38, 0x00, 0x00, 0x0C,
    0x00, 0x00, 0xF8, 0x00, 0x00, 0x00, 0x00, 0x00, 0x1E, 0xB8, 0x00, 0x0C,
    0x00, 0x03, 0x80, 0x29, 0x78, 0x00, 0x38, 0x00, 0x00, 0x0C, 0x00, 0x07,
    0xE0, 0x00, 0x00, 0x00, 0x00, 0x00, 0x03, 0xC0, 0x00, 0x0C, 0x00, 0x00,
    0xE0, 0x04, 0x38, 0x00, 0x38, 0x00, 0x00, 0x0C, 0x00, 0x07, 0xE0, 0x00,
    0x00, 0x00, 0x00, 0x00, 0x03, 0xC0, 0x00, 0x0C, 0x00, 0x00, 0xE0, 0x04,
    0x38, 0x00, 0x38, 0x00, 0x00, 0x0C, 0x00, 0x0C, 0xE0, 0x00, 0x00, 0x00,
    0x00, 0x00, 0x03, 0xC0, 0x00, 0x0C, 0x00, 0x00, 0xE0, 0x00, 0x78, 0x00,
    0x38, 0x00, 0x00, 0x0C, 0x00, 0x0C, 0xE0, 0x00, 0x00, 0x00, 0x00, 0x00,
    0x03, 0xC0, 0x00, 0x0C, 0x00, 0x00, 0xE0, 0x84, 0x38, 0x00, 0x38, 0x00,
    0x00, 0x0C, 0x00, 0x0C, 0xE0, 0x00, 0x00, 0x00, 0x00, 0x00, 0x03, 0xC0,
    0x00, 0x0C, 0x00, 0x00, 0xE4, 0x20, 0xF8, 0x00, 0x38, 0x00, 0x00, 0x0C,
    0x00, 0x70, 0xE0, 0x00, 0x00, 0x00, 0x00, 0x00, 0x03, 0xC6, 0x00, 0x3F,
    0x80, 0x0C, 0xE0, 0x06, 0x78, 0x00, 0x38, 0x00, 0x00, 0x0C, 0x00, 0x70,
    0xE0, 0x00, 0x00, 0x00, 0x00, 0x00, 0x03, 0xC6, 0x00, 0x3F, 0x80, 0x0C,
    0xE4, 0x05, 0x78, 0x00, 0x38, 0x00, 0x00, 0x0C, 0x00, 0x70, 0xE0, 0x00,
    0x00, 0x30, 0x00, 0x00, 0x03, 0xC0, 0x00, 0x3F, 0x80, 0x00, 0xE4, 0x18,
    0x78, 0x00, 0x38, 0x00, 0x00, 0x0C, 0x00, 0x70, 0xE0, 0x00, 0x00, 0x30,
    0x00, 0x00, 0x0F, 0xC0, 0x00, 0x3F, 0x80, 0x00, 0xE4, 0x04, 0x78, 0x00,
    0x38, 0x00, 0x00, 0x38, 0x00, 0x70, 0xE0, 0x00, 0x00, 0x38, 0x00, 0x00,
    0x0F, 0xC0, 0x00, 0x3F, 0x80, 0x00, 0xE0, 0x03, 0xF8, 0x00, 0x38, 0x00,
    0x00, 0x38, 0x00, 0x70, 0xE0, 0x00, 0x00, 0x0F, 0x80, 0x00, 0x3D, 0xC0,
    0x00, 0x0C, 0x00, 0x00, 0xE0, 0x00, 0xF8, 0x00, 0x38, 0x00, 0x01, 0xF8,
    0x00, 0x70, 0xE0, 0x00, 0x00, 0x0F, 0x80, 0x00, 0x3F, 0xC0, 0x00, 0x0C,
    0x00, 0x00, 0xE4, 0x39, 0xF8, 0x00, 0x38, 0x00, 0x01, 0xF0, 0x00, 0x70,
    0xE0, 0x00, 0x00, 0x00, 0xFF, 0xFF, 0xF0, 0x30, 0x00, 0x00, 0x00, 0x00,
    0xE0, 0x07, 0xC0, 0x00, 0x38, 0x00, 0x01, 0xF0, 0x00, 0x70, 0xE0, 0x00,
    0x00, 0x00, 0xFF, 0xFF, 0xF9, 0x30, 0x00, 0x00, 0x00, 0x00, 0xC0, 0x85,
    0xC0, 0x00, 0x38, 0x00, 0x01, 0xC0, 0x00, 0x70, 0xE0, 0x00, 0x00, 0x00,
    0x00, 0xFF, 0xF4, 0x38, 0x00, 0x00, 0x00, 0x01, 0x83, 0x4B, 0xC0, 0x00,
    0x38, 0x00, 0x01, 0xC0, 0x00, 0x3C, 0xE0, 0x00, 0x00, 0x00, 0x00, 0x7C,
    0x54, 0x38, 0x00, 0x00, 0x00, 0x03, 0x10, 0x05, 0xC0, 0x00, 0x38, 0x00,
    0x01, 0xC0, 0x00, 0x3C, 0xE0, 0x00, 0x00, 0x00, 0x00, 0x7D, 0x1A, 0x38,
    0x00, 0x00, 0x00, 0x03, 0x08, 0x0F, 0xC0, 0x00, 0x38, 0x00, 0x01, 0xC0,
    0x00, 0x0F, 0xF8, 0x00, 0x00, 0x00, 0x00, 0x0E, 0x22, 0x4E, 0x00, 0x00,
    0x00, 0x0E, 0x16, 0x27, 0x80, 0x00, 0x38, 0x00, 0x01, 0xC0, 0x00, 0x0F,
    0xF8, 0x00, 0x00, 0x00, 0x00, 0x0E, 0x51, 0x2E, 0x00, 0x00, 0x00, 0x0E,
    0x14, 0x07, 0x80, 0x00, 0x38, 0x00, 0x01, 0xC0, 0x00, 0x03, 0xF8, 0x00,
    0x00, 0x00, 0x00, 0x07, 0xA8, 0x07, 0x80, 0x0C, 0x00, 0x7C, 0x0C, 0x6F,
    0x00, 0x00, 0x3C, 0x00, 0x01, 0xC0, 0x00, 0x00, 0xF8, 0x00, 0x00, 0x00,
    0x00, 0x07, 0x84, 0x23, 0x80, 0x0C, 0x00, 0x78, 0x04, 0x8F, 0x00, 0x00,
    0x3C, 0x00, 0x01, 0xC0, 0x00, 0x00, 0xFC, 0x00, 0x00, 0x00, 0x00, 0x03,
    0x82, 0x09, 0x80, 0x0C, 0x00, 0x7C, 0x40, 0x0F, 0x00, 0x00, 0x3F, 0x00,
    0x01, 0xC0, 0x00, 0x34, 0x1F, 0x00, 0x00, 0x00, 0x00, 0x01, 0xE7, 0x9A,
    0x7C, 0x00, 0x07, 0xE0, 0x88, 0x18, 0x00, 0x00, 0x0F, 0x00, 0x01, 0xC0,
    0x00, 0x35, 0x9F, 0x00, 0x00, 0x00, 0x00, 0x01, 0xE5, 0x0A, 0x7C, 0x00,
    0x07, 0xC0, 0x90, 0x18, 0x00, 0x00, 0x03, 0x00, 0x01, 0xC0, 0x03, 0xFF,
    0xDF, 0xC0, 0x00, 0x00, 0x00, 0x00, 0x78, 0x24, 0x03, 0xFF, 0xF8, 0x00,
    0x40, 0xF8, 0x00, 0x00, 0x03, 0x00, 0x01, 0xC0, 0x03, 0xFD, 0xBF, 0xC0,
    0x00, 0x00, 0x00, 0x00, 0x7C, 0x22, 0x03, 0xFF, 0xF8, 0x04, 0x20, 0xF8,
    0xC0, 0x00, 0x03, 0x00, 0x01, 0xC0, 0x03, 0xFF, 0xFF, 0xC0, 0x00, 0x00,
    0x00, 0x00, 0x7A, 0xA4, 0x03, 0xFF, 0xF8, 0x08, 0x47, 0xF8, 0xC0, 0x00,
    0x03, 0x00, 0x01, 0xC0, 0x00, 0x8F, 0x07, 0xF8, 0x00, 0x00, 0x00, 0x00,
    0x7E, 0xCC, 0x00, 0x00, 0x00, 0x40, 0x07, 0xEB, 0xE0, 0x00, 0x03, 0x00,
    0x01, 0xC0, 0x00, 0x04, 0x87, 0xF8, 0x00, 0x00, 0x00, 0x00, 0x7F, 0x40,
    0x08, 0x40, 0x02, 0x40, 0x07, 0xE1, 0x60, 0x00, 0x03, 0x00, 0x01, 0xC0,
    0x00, 0x00, 0x00, 0x3F, 0xFE, 0x00, 0x00, 0x01, 0xFF, 0xFE, 0x21, 0x84,
    0x28, 0x23, 0xFF, 0xE7, 0x19, 0x00, 0x03, 0x00, 0x01, 0xC0, 0x00, 0x00,
    0x00, 0x3F, 0xFE, 0x00, 0x00, 0x01, 0xFD, 0xFE, 0x08, 0x00, 0x00, 0x13,
    0xFB, 0xE7, 0x9A, 0x00, 0x03, 0x00, 0x01, 0xC0, 0x00, 0x00, 0x00, 0x3F,
    0xFE, 0x00, 0x00, 0x01, 0xFB, 0xFE, 0x40, 0x00, 0x02, 0x13, 0xF8, 0xE7,
    0x48, 0x00, 0x03, 0x00, 0x01, 0xC0, 0x00, 0x06, 0x50, 0x37, 0xFF, 0xFF,
    0xFF, 0xFF, 0xF3, 0xBF, 0xFF, 0xFF, 0xFF, 0xFF, 0xE8, 0x1E, 0xD0, 0x00,
    0x03, 0x00, 0x01, 0xC0, 0x00, 0x00, 0x04, 0x61, 0xFF, 0xFF, 0xFF, 0xFF,
    0xE7, 0x3F, 0xFF, 0xFF, 0xFF, 0xFF, 0xE2, 0x1F, 0x88, 0x00, 0x03, 0x00,
    0x01, 0xC0, 0x00, 0x00, 0x18, 0x40, 0x00, 0x00, 0x00, 0x00, 0x01, 0x80,
    0x00, 0x00, 0x00, 0x00, 0x10, 0x58, 0x00, 0x00, 0x03, 0x00, 0x01, 0xC0,
    0x00, 0x00, 0x08, 0x00, 0x00, 0x00, 0x00, 0x00, 0x01, 0x02, 0x00, 0x00,
    0x00, 0x00, 0x10, 0x01, 0x00, 0x00, 0x03, 0x00, 0x01, 0xE0, 0x00, 0x00,
    0x04, 0x00, 0x02, 0x00, 0x00, 0x00, 0x0A, 0xA4, 0x00, 0x00, 0x00, 0x40,
    0x00, 0x5C, 0xC0, 0x00, 0x03, 0x00, 0x00, 0x30, 0x00, 0x00, 0x08, 0x0A,
    0x08, 0x02, 0x00, 0x40, 0x84, 0x02, 0x08, 0x00, 0x00, 0x04, 0x02, 0x20,
    0x00, 0x00, 0x03, 0x00, 0x00, 0x30, 0x00, 0x00, 0x08, 0x44, 0x02, 0x01,
    0x00, 0x00, 0xA4, 0x20, 0x08, 0x08, 0x88, 0x07, 0x86, 0x61, 0x00, 0x00,
    0x1F, 0x00, 0x00, 0x30, 0x00, 0x00, 0x00, 0x00, 0x00, 0x00, 0x00, 0x00,
    0x00, 0x00, 0x00, 0x00, 0x00, 0x00, 0x00, 0x00, 0x00, 0x00, 0x1F, 0x00,
    0x00, 0x1E, 0x00, 0x00, 0x00, 0x00, 0x00, 0x00, 0x00, 0x00, 0x00, 0x00,
    0x00, 0x00, 0x00, 0x00, 0x00, 0x00, 0x00, 0x00, 0x3C, 0x00, 0x00, 0x1E,
    0x00, 0x00, 0x00, 0x00, 0x00, 0x00, 0x00, 0x00, 0x00, 0x00, 0x00, 0x00,
    0x00, 0x00, 0x00, 0x00, 0x00, 0x00, 0x38, 0x00, 0x00, 0x0F, 0x80, 0x00,
    0x00, 0x00, 0x00, 0x00, 0x00, 0x00, 0x00, 0x00, 0x00, 0x00, 0x00, 0x00,
    0x00, 0x00, 0x00, 0x00, 0xF8, 0x00, 0x00, 0x0F, 0x80, 0x00, 0x00, 0x00,
    0x00, 0x00, 0x00, 0x00, 0x00, 0x00, 0x00, 0x00, 0x00, 0x00, 0x00, 0x00,
    0x00, 0x00, 0xF8, 0x00, 0x00, 0x01, 0xC0, 0x00, 0x00, 0x00, 0x00, 0x00,
    0x00, 0x00, 0x00, 0x00, 0x00, 0x00, 0x00, 0x00, 0x00, 0x00, 0x00, 0x00,
    0xC0, 0x00, 0x00, 0x01, 0xF0, 0x00, 0x00, 0x00, 0x00, 0x00, 0x00, 0x00,
    0x00, 0x00, 0x00, 0x00, 0x00, 0x00, 0x00, 0x00, 0x00, 0x07, 0xC0, 0x00,
    0x00, 0x01, 0xF0, 0x00, 0x00, 0x00, 0x00, 0x00, 0x00, 0x00, 0x00, 0x00,
    0x00, 0x00, 0x00, 0x00, 0x00, 0x00, 0x00, 0x07, 0xC0, 0x00, 0x00, 0x00,
    0x7F, 0xFF, 0xFF, 0xFF, 0xFF, 0xFF, 0xFF, 0xFF, 0xFF, 0xFF, 0xFF, 0xFF,
    0xFF, 0xFF, 0xFF, 0xFF, 0xFF, 0xFF, 0x00, 0x00, 0x00, 0x00, 0x7F, 0xFF,
    0xFF, 0xFF, 0xFF, 0xFF, 0xFF, 0xFF, 0xFF, 0xFF, 0xFF, 0xFF, 0xFF, 0xFF,
    0xFF, 0xFF, 0xFF, 0xFF, 0x00, 0x00, 0x00, 0x00, 0x00, 0x00, 0x00, 0x00,
    0x00, 0x00, 0x00, 0x00, 0x00, 0x00, 0x00, 0x00, 0x00, 0x00, 0x00, 0x00,
    0x00, 0x00, 0x00, 0x00, 0x00, 0x00, 0x00, 0x00, 0x00, 0x00, 0x00, 0x00,
    0x00, 0x00, 0x00, 0x00, 0x00, 0x00, 0x00, 0x00, 0x00, 0x00, 0x00, 0x00,
    0x00, 0x00, 0x00, 0x00, 0x00, 0x00, 0x00, 0x00, 0x00, 0x00, 0x00, 0x00,
    0x00, 0x00, 0x00, 0x00, 0x00, 0x00, 0x00, 0x00, 0x00, 0x00, 0x00, 0x00,
    0x00, 0x00, 0x00, 0x00, 0x00, 0x00, 0x00, 0x00, 0x00, 0x00, 0x00, 0x00,
    0x00, 0x00, 0x00, 0x00, 0x00, 0x00, 0x00, 0x00, 0x00, 0x00, 0x00, 0x00,
    0x00, 0x00, 0x00, 0x00, 0x00, 0x00, 0x00, 0x00, 0x00, 0x00, 0x00, 0x00,
    0x00, 0x00, 0x00, 0x00, 0x00, 0x00, 0x00, 0x00,
};

constexpr AppLauncherStickerAsset kFocusAsset = {
    {176, 176, kFocusGrayData},
    {176, 176, kFocusBlackData},
};

constexpr uint8_t kStatusGrayData[] = {
    0x00, 0x00, 0x00, 0x00, 0x00, 0x00, 0x00, 0x00, 0x00, 0x00, 0x00, 0x00,
    0x00, 0x00, 0x00, 0x00, 0x00, 0x00, 0x00, 0x00, 0x00, 0x00, 0x00, 0x00,
    0x00, 0x00, 0x00, 0x00, 0x00, 0x00, 0x00, 0x00, 0x00, 0x00, 0x00, 0x00,
    0x00, 0x00, 0x00, 0x00, 0x00, 0x00, 0x00, 0x00, 0x00, 0x00, 0x00, 0x00,
    0x00, 0x00, 0x00, 0x00, 0x00, 0x00, 0x00, 0x00, 0x00, 0x00, 0x00, 0x00,
    0x00, 0x00, 0x00, 0x00, 0x00, 0x00, 0x00, 0x00, 0x00, 0x00, 0x00, 0x00,
    0x00, 0x00, 0x00, 0x00, 0x00, 0x00, 0x00, 0x00, 0x00, 0x00, 0x00, 0x00,
    0x00, 0x00, 0x00, 0x00, 0x00, 0x00, 0x00, 0x00, 0x00, 0x00, 0x03, 0xFF,
    0xFF, 0xFF, 0xFF, 0xFF, 0xFF, 0xFF, 0xFF, 0xF8, 0x00, 0x00, 0x00, 0x00,
    0x00, 0x00, 0x00, 0x00, 0x00, 0x00, 0x00, 0x00, 0x04, 0x00, 0x00, 0x00,
    0x00, 0x00, 0x00, 0x00, 0x00, 0x00, 0x00, 0x00, 0x00, 0x00, 0x00, 0x00,
    0x00, 0x00, 0x00, 0x00, 0x00, 0x00, 0x04, 0x00, 0x00, 0x00, 0x00, 0x00,
    0x00, 0x00, 0x00, 0x00, 0x00, 0x00, 0x00, 0x00, 0x00, 0x00, 0x00, 0x00,
    0x00, 0x00, 0x00, 0x00, 0x04, 0x00, 0x00, 0x00, 0x00, 0x00, 0x00, 0x00,
    0x00, 0x00, 0x00, 0x00, 0x00, 0x00, 0x00, 0x00, 0x00, 0x00, 0x00, 0x00,
    0x00, 0x00, 0x00, 0x00, 0x00, 0x00, 0x00, 0x00, 0x00, 0x00, 0x00, 0x00,
    0x80, 0x00, 0x00, 0x00, 0x00, 0x00, 0x00, 0x00, 0x00, 0x00, 0x00, 0x00,
    0x00, 0x00, 0x00, 0x00, 0x00, 0x00, 0x00, 0x00, 0x00, 0x00, 0x80, 0x00,
    0x00, 0x00, 0x00, 0x00, 0x00, 0x00, 0x00, 0x00, 0x00, 0x00, 0x00, 0x00,
    0x00, 0x00, 0x00, 0x00, 0x00, 0x00, 0x00, 0x00, 0x80, 0x00, 0x00, 0x00,
    0x00, 0x00, 0x00, 0x00, 0x00, 0x00, 0x00, 0x01, 0xC0, 0x00, 0x00, 0x00,
    0x00, 0x00, 0x00, 0x00, 0x00, 0x00, 0xF0, 0x00, 0x00, 0x00, 0x00, 0x00,
    0x00, 0x00, 0x00, 0x00, 0x00, 0x00, 0x00, 0x00, 0x00, 0x00, 0x00, 0x00,
    0x00, 0x00, 0x00, 0x00, 0x00, 0x00, 0x00, 0x00, 0x00, 0x00, 0x00, 0x00,
    0x00, 0x00, 0x00, 0x00, 0x10, 0x00, 0x00, 0x00, 0x00, 0x00, 0x00, 0x00,
    0x00, 0x00, 0x00, 0x00, 0x00, 0x00, 0x00, 0x00, 0x00, 0x00, 0x00, 0x00,
    0x00, 0x00, 0x00, 0x00, 0x00, 0x00, 0x00, 0x00, 0x00, 0x00, 0x00, 0x00,
    0x00, 0x00, 0x00, 0x00, 0x00, 0x00, 0x00, 0x00, 0x00, 0x00, 0x00, 0x00,
    0x00, 0x00, 0x00, 0x00, 0x00, 0x00, 0x00, 0x00, 0x00, 0x00, 0x00, 0x00,
    0x00, 0x00, 0x00, 0x00, 0x00, 0x00, 0x00, 0x00, 0x00, 0x00, 0x00, 0x00,
    0x00, 0x00, 0x00, 0x00, 0x00, 0x00, 0x00, 0x00, 0x00, 0x00, 0x00, 0x00,
    0x00, 0x00, 0x00, 0x00, 0x00, 0x00, 0x00, 0x00, 0x10, 0x00, 0x00, 0x00,
    0x00, 0x00, 0x00, 0x00, 0x00, 0x00, 0x00, 0x00, 0x00, 0x00, 0x00, 0x00,
    0x00, 0x00, 0x00, 0x00, 0x02, 0x00, 0x00, 0x00, 0x00, 0x00, 0x00, 0x00,
    0x00, 0x00, 0x00, 0x00, 0x00, 0x00, 0x00, 0x00, 0x00, 0x00, 0x00, 0x00,
    0x00, 0x00, 0x00, 0x00, 0x00, 0x09, 0xB6, 0xCD, 0xB7, 0x6D, 0xB6, 0xD9,
    0x20, 0x00, 0x00, 0x00, 0x00, 0x00, 0x00, 0x00, 0x00, 0x00, 0x00, 0x00,
    0x00, 0x00, 0x00, 0x09, 0xB6, 0xCD, 0xB7, 0x6D, 0xB6, 0xD9, 0x20, 0x00,
    0x00, 0x00, 0x00, 0x00, 0x00, 0x00, 0x00, 0x00, 0x00, 0x00, 0x3C, 0x00,
    0x00, 0x00, 0x00, 0x00, 0x00, 0x00, 0x00, 0x00, 0x00, 0x00, 0x00, 0x00,
    0x00, 0x00, 0x00, 0x00, 0x00, 0x00, 0x00, 0x00, 0x00, 0x00, 0x00, 0x00,
    0x00, 0x00, 0x00, 0x00, 0x00, 0x00, 0x00, 0x00, 0x00, 0x00, 0x00, 0x00,
    0x00, 0x00, 0x00, 0x00, 0x00, 0x00, 0x00, 0x00, 0x00, 0x6D, 0xB6, 0xCD,
    0xB6, 0x6D, 0xB6, 0xCD, 0x26, 0x00, 0x00, 0x00, 0x00, 0x00, 0x00, 0x00,
    0x00, 0x00, 0x00, 0x00, 0x00, 0x00, 0x00, 0x6D, 0xB6, 0xCD, 0xB6, 0x6D,
    0xB6, 0xCD, 0x26, 0x00, 0x00, 0x00, 0x00, 0x00, 0x00, 0x00, 0x00, 0x00,
    0x00, 0x00, 0x00, 0x00, 0x00, 0x00, 0x00, 0x00, 0x00, 0x00, 0x00, 0x00,
    0x00, 0x00, 0x00, 0x00, 0x00, 0x00, 0x00, 0x00, 0x00, 0x00, 0x00, 0x00,
    0x10, 0x00, 0x00, 0x00, 0x00, 0x00, 0x00, 0x00, 0x00, 0x00, 0x00, 0x00,
    0x00, 0x00, 0x00, 0x00, 0x00, 0x00, 0x00, 0x00, 0x00, 0x00, 0x10, 0x00,
    0x01, 0x6D, 0x99, 0xC0, 0x46, 0xCD, 0xB6, 0xD9, 0x26, 0x00, 0x00, 0x00,
    0x00, 0x00, 0x00, 0x00, 0x00, 0x00, 0x00, 0x00, 0x10, 0x00, 0x01, 0x6D,
    0x98, 0x00, 0x06, 0xCD, 0xB6, 0xD9, 0x26, 0x00, 0x00, 0x00, 0x00, 0x00,
    0x00, 0x00, 0x00, 0x00, 0x00, 0x00, 0x10, 0x00, 0x00, 0x00, 0x00, 0x00,
    0x00, 0x00, 0x00, 0x00, 0x00, 0x00, 0x00, 0x00, 0x00, 0x00, 0x00, 0x00,
    0x00, 0x00, 0x00, 0x00, 0x10, 0x00, 0x06, 0x6C, 0x80, 0x00, 0x68, 0x0C,
    0x30, 0xC0, 0x06, 0x00, 0x00, 0x00, 0x00, 0x00, 0x00, 0x00, 0x00, 0x00,
    0x00, 0x00, 0x10, 0x03, 0x26, 0x6C, 0xA8, 0x00, 0x01, 0x6D, 0xB6, 0xCD,
    0x26, 0x00, 0x00, 0x00, 0x00, 0x00, 0x00, 0x00, 0x00, 0x00, 0x00, 0x00,
    0x10, 0x00, 0x00, 0x00, 0x08, 0x00, 0x00, 0x00, 0x00, 0x00, 0x00, 0x00,
    0x00, 0x00, 0x00, 0x00, 0x00, 0x00, 0x00, 0x00, 0x00, 0x00, 0x10, 0x00,
    0x00, 0x00, 0x08, 0x00, 0x00, 0x00, 0x00, 0x00, 0x00, 0x00, 0x00, 0x07,
    0x00, 0x00, 0x00, 0x00, 0x00, 0x00, 0x00, 0x00, 0x10, 0x13, 0x36, 0x6C,
    0xA8, 0x00, 0x01, 0x6D, 0xB6, 0xCD, 0x26, 0x00, 0x00, 0x00, 0x84, 0x00,
    0x00, 0x00, 0x00, 0x00, 0x00, 0x00, 0x10, 0x13, 0x36, 0x6C, 0x88, 0x00,
    0x01, 0x6D, 0xB6, 0xCD, 0x26, 0x00, 0x00, 0x00, 0x00, 0x00, 0x20, 0x00,
    0x00, 0x00, 0x00, 0x00, 0x10, 0x00, 0x00, 0x00, 0x08, 0x00, 0x02, 0x00,
    0x00, 0x00, 0x00, 0x00, 0x00, 0x00, 0x00, 0x00, 0x20, 0x00, 0x00, 0x00,
    0x00, 0x00, 0x10, 0x18, 0x02, 0x6C, 0xA8, 0x00, 0x00, 0x6D, 0xB6, 0xCC,
    0x26, 0xC0, 0x00, 0x00, 0x00, 0x00, 0x20, 0x00, 0x00, 0x00, 0x00, 0x00,
    0x10, 0x19, 0x00, 0x6C, 0xA0, 0x00, 0x00, 0x6D, 0xB6, 0x4C, 0x26, 0xC0,
    0x00, 0x00, 0x00, 0x00, 0x0C, 0x00, 0x00, 0x00, 0x00, 0x00, 0x10, 0x00,
    0xE0, 0x20, 0x00, 0x00, 0x00, 0x00, 0x00, 0x00, 0x00, 0x00, 0x00, 0x00,
    0x00, 0x00, 0x02, 0x00, 0x00, 0x00, 0x00, 0x00, 0x10, 0x00, 0x00, 0x00,
    0x00, 0x00, 0x00, 0x00, 0x00, 0x00, 0x00, 0x00, 0x00, 0x00, 0x00, 0x00,
    0x02, 0x00, 0x00, 0x00, 0x00, 0x00, 0x10, 0x10, 0x00, 0x0C, 0xA8, 0x00,
    0x00, 0x24, 0xB6, 0xC4, 0x24, 0xE9, 0x77, 0x80, 0x00, 0x00, 0x02, 0x00,
    0x00, 0x00, 0x00, 0x00, 0x10, 0x00, 0x00, 0x40, 0x88, 0x00, 0x00, 0x04,
    0xB6, 0xC3, 0xE4, 0x29, 0x34, 0x00, 0x00, 0x00, 0x02, 0x00, 0x00, 0x00,
    0x00, 0x00, 0x10, 0x00, 0x00, 0x00, 0x00, 0x00, 0x00, 0x00, 0x00, 0x00,
    0x00, 0x00, 0x00, 0x00, 0x00, 0x00, 0x1C, 0x00, 0x00, 0x00, 0x00, 0x00,
    0x10, 0x00, 0x00, 0x30, 0x80, 0x00, 0x00, 0x25, 0xB6, 0xE0, 0x00, 0x01,
    0xF6, 0xC0, 0x00, 0x00, 0x04, 0x00, 0x00, 0x00, 0x00, 0x00, 0x10, 0x00,
    0x00, 0x00, 0x81, 0x00, 0x00, 0x24, 0xA6, 0x1F, 0xC0, 0x01, 0xF6, 0x52,
    0x00, 0x00, 0x04, 0x00, 0x00, 0x00, 0x00, 0x00, 0x10, 0x00, 0x00, 0x00,
    0x80, 0x00, 0x00, 0x0D, 0xB6, 0x1C, 0xE0, 0x00, 0x16, 0x12, 0x00, 0x00,
    0x04, 0x00, 0x00, 0x00, 0x00, 0x00, 0x10, 0x00, 0x00, 0x00, 0x00, 0x80,
    0x00, 0x00, 0x00, 0x05, 0x24, 0x80, 0x00, 0x00, 0x00, 0x00, 0x04, 0x00,
    0x00, 0x00, 0x00, 0x00, 0x10, 0x00, 0x00, 0x00, 0x00, 0x80, 0x00, 0x20,
    0x00, 0x1F, 0xE5, 0x20, 0x00, 0x1B, 0x26, 0xB0, 0x04, 0x00, 0x00, 0x00,
    0x00, 0x00, 0x10, 0x00, 0x00, 0x00, 0x90, 0x80, 0x00, 0xED, 0xB6, 0x0F,
    0xFF, 0x39, 0x50, 0x00, 0xE6, 0xB0, 0x04, 0x00, 0x00, 0x00, 0x00, 0x00,
    0x10, 0x00, 0x00, 0x02, 0x10, 0x80, 0x00, 0xED, 0x30, 0x1C, 0x0F, 0xF9,
    0x56, 0x00, 0x00, 0x00, 0x04, 0x00, 0x00, 0x00, 0x00, 0x00, 0x00, 0x00,
    0x00, 0x02, 0x00, 0x80, 0x00, 0x00, 0x00, 0x1C, 0x00, 0x2F, 0xFF, 0x78,
    0x00, 0x00, 0x04, 0x00, 0x00, 0x00, 0x00, 0x00, 0x00, 0x01, 0x00, 0x03,
    0x00, 0x40, 0x00, 0xF8, 0xB0, 0x1C, 0x00, 0x0D, 0xFB, 0x80, 0xE0, 0x10,
    0x04, 0x00, 0x00, 0x00, 0x00, 0x00, 0x00, 0x00, 0x00, 0x00, 0x81, 0x00,
    0x00, 0x00, 0x00, 0x38, 0x00, 0x00, 0x0F, 0xF2, 0xE0, 0x00, 0x04, 0x00,
    0x00, 0x00, 0x00, 0x07, 0x00, 0x10, 0x00, 0x00, 0x85, 0x00, 0x03, 0x00,
    0x30, 0x78, 0x00, 0x00, 0x00, 0x7F, 0x6C, 0x00, 0x04, 0x00, 0x00, 0x00,
    0x00, 0x00, 0x00, 0x00, 0x00, 0x00, 0x00, 0x00, 0x00, 0x00, 0x10, 0x18,
    0x00, 0x00, 0x00, 0x03, 0xFD, 0x60, 0x04, 0x00, 0x00, 0x00, 0x00, 0x00,
    0x00, 0x10, 0x00, 0x00, 0x00, 0x00, 0x00, 0x00, 0x40, 0x58, 0x00, 0x00,
    0x00, 0x00, 0x1F, 0xC0, 0x04, 0x00, 0x00, 0x00, 0x00, 0x10, 0x00, 0x10,
    0x00, 0x00, 0x00, 0x00, 0x00, 0x01, 0x24, 0x78, 0x00, 0x00, 0x00, 0x00,
    0x07, 0xF0, 0x04, 0x00, 0x00, 0x00, 0x00, 0x80, 0x00, 0x00, 0x80, 0x00,
    0x00, 0x00, 0x00, 0x00, 0x10, 0x58, 0x00, 0x00, 0x00, 0x00, 0x00, 0xC0,
    0x04, 0x00, 0x00, 0x00, 0x00, 0x00, 0x00, 0x12, 0x00, 0x00, 0x00, 0x00,
    0x00, 0x00, 0x04, 0x50, 0x00, 0x00, 0x00, 0x00, 0x00, 0xE0, 0x04, 0x00,
    0x00, 0x00, 0x00, 0x00, 0x00, 0x12, 0x0C, 0x00, 0x00, 0x00, 0x00, 0x00,
    0x00, 0xF0, 0x00, 0x00, 0x00, 0x00, 0x00, 0xE0, 0x04, 0x00, 0x00, 0x00,
    0x00, 0x00, 0x00, 0x00, 0x00, 0x00, 0x00, 0x00, 0x00, 0x00, 0x00, 0x70,
    0x00, 0x00, 0x00, 0x00, 0x00, 0xD0, 0x04, 0x00, 0x00, 0x00, 0x00, 0x00,
    0x00, 0x12, 0x80, 0x00, 0x00, 0x00, 0x00, 0x00, 0x10, 0xF0, 0x00, 0x00,
    0x00, 0x00, 0x00, 0xF0, 0x04, 0x00, 0x00, 0x00, 0x00, 0x00, 0x00, 0x12,
    0x80, 0x00, 0x00, 0x00, 0x00, 0x00, 0x00, 0x60, 0x00, 0x00, 0x00, 0x00,
    0x00, 0xC0, 0x04, 0x00, 0x00, 0x00, 0x00, 0x00, 0x00, 0x00, 0x00, 0x00,
    0x00, 0x00, 0x00, 0x00, 0x00, 0x60, 0x20, 0x00, 0x00, 0x00, 0x00, 0xC0,
    0x04, 0x00, 0x00, 0x00, 0x00, 0x00, 0x00, 0x30, 0x90, 0x00, 0x00, 0x00,
    0x00, 0x00, 0x00, 0xE0, 0x20, 0x00, 0x00, 0x00, 0x00, 0xF0, 0x04, 0x00,
    0x00, 0x00, 0x00, 0x00, 0x00, 0x00, 0x01, 0x20, 0x00, 0x00, 0x00, 0x00,
    0x01, 0x60, 0x20, 0x00, 0x00, 0x00, 0x00, 0xC0, 0x04, 0x00, 0x00, 0x00,
    0x00, 0x00, 0x00, 0x00, 0x01, 0x20, 0x00, 0x00, 0x00, 0x00, 0x01, 0x60,
    0x20, 0x00, 0x00, 0x00, 0x00, 0xC0, 0x04, 0x00, 0x00, 0x00, 0x00, 0x00,
    0x0D, 0xB2, 0x90, 0x00, 0x00, 0x00, 0x00, 0x00, 0x01, 0xC0, 0x00, 0x00,
    0x00, 0x00, 0x00, 0xF2, 0x04, 0x00, 0x00, 0x00, 0x00, 0x00, 0x0D, 0x92,
    0x90, 0x80, 0x00, 0x00, 0x00, 0x00, 0x00, 0xC0, 0x00, 0x00, 0x00, 0x00,
    0x00, 0xE0, 0x04, 0x00, 0x00, 0x00, 0x00, 0x00, 0x00, 0x00, 0x00, 0x80,
    0x00, 0x00, 0x00, 0x00, 0x00, 0x40, 0x00, 0x00, 0x00, 0x00, 0x00, 0x20,
    0x04, 0x00, 0x00, 0x00, 0x00, 0x00, 0x4D, 0xB2, 0x90, 0x00, 0x00, 0x00,
    0x00, 0x00, 0x22, 0xC0, 0x00, 0x00, 0x00, 0x00, 0x03, 0x04, 0x04, 0x00,
    0x00, 0x00, 0x00, 0x00, 0x6D, 0xB2, 0x90, 0x00, 0x00, 0x00, 0x00, 0x00,
    0x23, 0xC0, 0x00, 0x00, 0x00, 0x00, 0x03, 0x84, 0x04, 0x00, 0x00, 0x00,
    0x00, 0x00, 0x00, 0x00, 0x03, 0x00, 0x00, 0x00, 0x00, 0x00, 0x22, 0xC0,
    0x00, 0x00, 0x00, 0x00, 0x03, 0x40, 0x04, 0x00, 0x00, 0x00, 0x00, 0x03,
    0x00, 0x92, 0x80, 0x00, 0x00, 0x00, 0x00, 0x00, 0x22, 0xC0, 0x00, 0x00,
    0x00, 0x00, 0x03, 0x40, 0x04, 0x00, 0x00, 0x00, 0x00, 0x07, 0x6D, 0xB2,
    0x80, 0x00, 0x00, 0x00, 0x00, 0x00, 0x27, 0xC0, 0x00, 0x00, 0x00, 0x00,
    0x03, 0xCC, 0x04, 0x00, 0x00, 0x00, 0x00, 0x00, 0x00, 0x00, 0x00, 0x00,
    0x00, 0x00, 0x00, 0x00, 0x25, 0xC0, 0x00, 0x00, 0x00, 0x00, 0x03, 0x40,
    0x04, 0x00, 0x00, 0x00, 0x00, 0x00, 0x00, 0x00, 0x00, 0x00, 0x08, 0x00,
    0x00, 0x00, 0x27, 0xE0, 0x00, 0x00, 0x00, 0x00, 0x03, 0x80, 0x04, 0x00,
    0x00, 0x00, 0x00, 0x07, 0x6D, 0xB0, 0x80, 0x00, 0x08, 0x00, 0x00, 0x00,
    0x26, 0xF8, 0x00, 0x00, 0x00, 0x00, 0x02, 0x88, 0x04, 0x00, 0x00, 0x00,
    0x00, 0x07, 0x6D, 0xB2, 0x80, 0x00, 0x00, 0x00, 0x00, 0x00, 0x26, 0xFF,
    0x00, 0x00, 0x00, 0x00, 0x03, 0x08, 0x04, 0x00, 0x00, 0x00, 0x00, 0x00,
    0x00, 0x00, 0x00, 0x00, 0x00, 0x00, 0x00, 0x00, 0x01, 0xC5, 0xE0, 0x00,
    0x00, 0x00, 0x06, 0x80, 0x04, 0x00, 0x00, 0x00, 0x00, 0x07, 0x64, 0x02,
    0x80, 0x00, 0x00, 0x00, 0x00, 0x00, 0x01, 0xC5, 0xFF, 0xC0, 0x00, 0x00,
    0x06, 0x88, 0x04, 0x00, 0x00, 0x00, 0x00, 0x03, 0x69, 0xB2, 0x80, 0x00,
    0x00, 0x00, 0x00, 0x00, 0x00, 0x03, 0x24, 0xBC, 0x00, 0x00, 0x05, 0x00,
    0x04, 0x00, 0x00, 0x00, 0x00, 0x00, 0x00, 0x00, 0x00, 0x00, 0x00, 0x00,
    0x00, 0x00, 0x00, 0x03, 0x24, 0xBF, 0xF0, 0x00, 0x05, 0x00, 0x04, 0x00,
    0x00, 0x00, 0x00, 0x07, 0x66, 0xB2, 0x80, 0x00, 0x00, 0x00, 0x00, 0x00,
    0x00, 0x00, 0x00, 0xFF, 0xFF, 0x00, 0x0F, 0x0C, 0x04, 0x00, 0x00, 0x00,
    0x00, 0x07, 0x66, 0xB0, 0x80, 0x00, 0x00, 0x0E, 0x00, 0x00, 0x00, 0x00,
    0x00, 0xEC, 0xCB, 0x80, 0x1D, 0x2C, 0x04, 0x00, 0x00, 0x00, 0x00, 0x00,
    0x00, 0x00, 0x02, 0x00, 0x00, 0x02, 0x00, 0x00, 0x00, 0x00, 0x00, 0x06,
    0xFB, 0xFC, 0x1D, 0x00, 0x04, 0x00, 0x00, 0x00, 0x00, 0x00, 0x00, 0x00,
    0x04, 0x00, 0x00, 0x03, 0xE0, 0x00, 0x00, 0x00, 0x00, 0x00, 0x36, 0x7F,
    0xE2, 0x00, 0x04, 0x00, 0x00, 0x00, 0x00, 0x07, 0x66, 0xB0, 0x84, 0x00,
    0x00, 0x00, 0x00, 0x00, 0x00, 0x04, 0x20, 0x00, 0x3E, 0x53, 0xE2, 0x38,
    0x04, 0x00, 0x00, 0x00, 0x00, 0x07, 0x66, 0xB6, 0x90, 0x00, 0x00, 0x00,
    0x00, 0x00, 0x03, 0x04, 0x20, 0xF0, 0x00, 0x03, 0xFC, 0x38, 0x04, 0x00,
    0x00, 0x00, 0x00, 0x00, 0x00, 0x00, 0x00, 0x00, 0x00, 0x00, 0x00, 0x00,
    0x00, 0x00, 0x00, 0xF0, 0x40, 0x03, 0x2C, 0x00, 0x04, 0x00, 0x00, 0x00,
    0x00, 0x00, 0x00, 0x00, 0x90, 0x80, 0x00, 0x00, 0x00, 0x00, 0x00, 0x00,
    0x00, 0xF0, 0x00, 0x00, 0x00, 0x00, 0x04, 0x00, 0x00, 0x00, 0x00, 0x07,
    0x64, 0x30, 0x00, 0x00, 0x00, 0x00, 0x00, 0x00, 0x00, 0x04, 0x20, 0xF0,
    0x00, 0x08, 0x00, 0x20, 0x04, 0x00, 0x00, 0x00, 0x00, 0x00, 0x00, 0x82,
    0x30, 0x00, 0x00, 0x00, 0x00, 0x00, 0x00, 0x04, 0x20, 0xF1, 0x40, 0x08,
    0x00, 0x00, 0x04, 0x00, 0x00, 0x00, 0x00, 0x03, 0x65, 0xB0, 0x24, 0xC0,
    0x00, 0x00, 0x00, 0x00, 0x00, 0x00, 0x00, 0xC2, 0x76, 0x40, 0x00, 0x00,
    0x04, 0x00, 0x00, 0x00, 0x00, 0x00, 0x01, 0x80, 0x00, 0x00, 0x00, 0x00,
    0x00, 0x00, 0x04, 0x00, 0x00, 0x02, 0x00, 0x00, 0x00, 0x00, 0x04, 0x00,
    0x00, 0x00, 0x00, 0x00, 0x0D, 0xB2, 0xF6, 0x80, 0x00, 0x00, 0x00, 0x00,
    0x04, 0x00, 0x18, 0xC3, 0x50, 0x92, 0xD4, 0x00, 0x04, 0x00, 0x00, 0x00,
    0x00, 0x07, 0x64, 0x00, 0x00, 0x00, 0x00, 0x00, 0x00, 0x00, 0x00, 0x00,
    0x03, 0xC0, 0x06, 0x00, 0x00, 0x00, 0x04, 0x00, 0x00, 0x00, 0x00, 0x07,
    0x64, 0x00, 0x00, 0x80, 0x00, 0x00, 0x00, 0x00, 0x00, 0x00, 0x02, 0xC3,
    0x76, 0x00, 0x00, 0x00, 0x00, 0x00, 0x00, 0x00, 0x00, 0x00, 0x01, 0xB2,
    0x16, 0xE6, 0x00, 0x00, 0x00, 0x00, 0x00, 0x00, 0x03, 0xC0, 0x60, 0x02,
    0x60, 0x00, 0x00, 0x00, 0x00, 0x00, 0x00, 0x00, 0x00, 0x00, 0x00, 0x01,
    0x00, 0x00, 0x00, 0x00, 0x00, 0x00, 0x00, 0x00, 0x00, 0x00, 0x00, 0x00,
    0x02, 0x00, 0x00, 0x00, 0x00, 0x07, 0x65, 0xB2, 0x36, 0xEE, 0x00, 0x00,
    0x00, 0x00, 0x00, 0x00, 0x00, 0x03, 0x76, 0x93, 0x00, 0x02, 0x02, 0x00,
    0x00, 0x00, 0x00, 0x07, 0x65, 0xB2, 0x76, 0xA0, 0x00, 0x00, 0x00, 0x00,
    0x00, 0x00, 0x20, 0x03, 0x76, 0x93, 0x00, 0x00, 0x02, 0x00, 0x00, 0x00,
    0x00, 0x00, 0x00, 0x00, 0x00, 0x00, 0x00, 0x00, 0x00, 0x00, 0x00, 0x00,
    0x20, 0x00, 0x00, 0x00, 0x00, 0x00, 0x00, 0x00, 0x00, 0x00, 0x00, 0x06,
    0x61, 0x93, 0x36, 0x87, 0x00, 0x00, 0x00, 0x00, 0x00, 0x00, 0x18, 0x31,
    0x76, 0x13, 0x00, 0x1C, 0x00, 0x00, 0x00, 0x00, 0x00, 0x07, 0x65, 0xB3,
    0x36, 0x84, 0x00, 0x00, 0x00, 0x00, 0x00, 0x00, 0x00, 0x01, 0x76, 0x93,
    0x00, 0x00, 0x00, 0x00, 0x00, 0x00, 0x00, 0x00, 0x00, 0x00, 0x00, 0x24,
    0x00, 0x00, 0x00, 0x00, 0x00, 0x00, 0x00, 0x00, 0x00, 0x00, 0x00, 0x00,
    0x00, 0x00, 0x00, 0x00, 0x00, 0x00, 0x00, 0x00, 0x00, 0x00, 0x00, 0x00,
    0x80, 0x00, 0x00, 0x00, 0x00, 0x00, 0x00, 0x00, 0x00, 0x20, 0x00, 0x00,
    0x00, 0x00, 0x00, 0x07, 0x65, 0xB3, 0x36, 0xC0, 0x00, 0x00, 0x80, 0x00,
    0x00, 0x10, 0x00, 0x01, 0x76, 0x93, 0x00, 0x00, 0x00, 0x00, 0x00, 0x00,
    0x00, 0x07, 0x67, 0xB3, 0x36, 0x10, 0x00, 0x00, 0x00, 0x00, 0x00, 0x00,
    0x00, 0x01, 0x76, 0x93, 0x00, 0x06, 0x00, 0x00, 0x00, 0x00, 0x00, 0x00,
    0x00, 0x00, 0x00, 0x00, 0x00, 0x00, 0x00, 0x00, 0x00, 0x00, 0x00, 0x00,
    0x00, 0x00, 0x00, 0x00, 0x00, 0x00, 0x00, 0x00, 0x00, 0x03, 0x66, 0xB3,
    0x36, 0x00, 0x00, 0x01, 0x18, 0x00, 0x00, 0x00, 0x00, 0x31, 0x36, 0x93,
    0x00, 0x00, 0x00, 0x00, 0x00, 0x07, 0x00, 0x07, 0x66, 0xB3, 0x36, 0x00,
    0x00, 0x00, 0x00, 0x00, 0x00, 0x00, 0x00, 0x01, 0x36, 0x93, 0x00, 0x00,
    0x00, 0x00, 0x00, 0x00, 0x38, 0x00, 0x00, 0x00, 0x00, 0x00, 0x00, 0x00,
    0x00, 0x00, 0x00, 0x03, 0x00, 0x00, 0x00, 0x00, 0x00, 0x00, 0x00, 0x00,
    0x00, 0x00, 0x00, 0x00, 0x00, 0x00, 0x00, 0x00, 0x00, 0x00, 0x00, 0x00,
    0x00, 0x00, 0x00, 0x00, 0x00, 0x00, 0x00, 0x00, 0x00, 0x00, 0x00, 0x00,
    0x00, 0x07, 0x65, 0xB3, 0x36, 0x00, 0x00, 0x00, 0x00, 0x00, 0x00, 0x04,
    0x60, 0x09, 0x36, 0x93, 0x00, 0x00, 0x00, 0x00, 0x00, 0x00, 0x00, 0x07,
    0x65, 0xB3, 0x36, 0x00, 0x00, 0x00, 0x00, 0x00, 0x00, 0x00, 0x60, 0x09,
    0x76, 0x93, 0x00, 0x00, 0x00, 0x00, 0x00, 0x00, 0x00, 0x00, 0x00, 0x00,
    0x00, 0x08, 0x00, 0x00, 0x00, 0x00, 0x00, 0x00, 0xF8, 0x00, 0x00, 0x00,
    0x00, 0x00, 0x00, 0x00, 0x00, 0x00, 0x00, 0x07, 0x65, 0xB3, 0x36, 0x08,
    0x00, 0x00, 0x00, 0x00, 0x00, 0x00, 0xF8, 0x09, 0x96, 0x9B, 0x00, 0x00,
    0x00, 0x00, 0x02, 0x00, 0x00, 0x07, 0x65, 0xB3, 0x36, 0x08, 0x00, 0x00,
    0x60, 0x00, 0x00, 0x04, 0xF8, 0x69, 0xB6, 0x9B, 0x00, 0x00, 0x00, 0x00,
    0x02, 0x04, 0x00, 0x00, 0x00, 0x00, 0x00, 0x00, 0x00, 0x00, 0x10, 0x00,
    0x00, 0x04, 0xF9, 0x00, 0x00, 0x00, 0x00, 0x00, 0x00, 0x00, 0x02, 0x00,
    0x00, 0x00, 0x00, 0x00, 0x00, 0x10, 0x00, 0x00, 0x00, 0x00, 0x00, 0x04,
    0xB9, 0x00, 0x00, 0x00, 0x00, 0x00, 0x00, 0x00, 0x02, 0x00, 0x00, 0x00,
    0x00, 0x00, 0x00, 0x00, 0x10, 0x00, 0x40, 0x00, 0x00, 0x00, 0xE1, 0x69,
    0x96, 0x9B, 0x00, 0x00, 0x00, 0x00, 0x02, 0x00, 0x00, 0x00, 0x00, 0x00,
    0x00, 0x00, 0x10, 0x00, 0x00, 0x00, 0x00, 0x00, 0xE2, 0x69, 0x96, 0x9B,
    0x00, 0x00, 0x00, 0x00, 0x02, 0x00, 0x00, 0x03, 0xFF, 0xFF, 0xFF, 0xFF,
    0x81, 0xFF, 0x00, 0x00, 0x00, 0x00, 0xE4, 0x00, 0x00, 0x00, 0x00, 0x00,
    0x00, 0x00, 0x02, 0x00, 0x00, 0x04, 0x00, 0x00, 0x00, 0x00, 0x0C, 0x00,
    0x00, 0x00, 0x00, 0x01, 0xE0, 0x00, 0x00, 0x00, 0x00, 0x00, 0x00, 0x00,
    0x02, 0x00, 0x00, 0x84, 0x00, 0x00, 0x00, 0x00, 0x00, 0x00, 0x00, 0x00,
    0x00, 0x01, 0xE1, 0xE9, 0x96, 0x93, 0x00, 0x00, 0x00, 0x00, 0x02, 0x00,
    0x00, 0x86, 0x00, 0x00, 0x00, 0x00, 0x00, 0x00, 0x00, 0x00, 0x00, 0x02,
    0x80, 0x00, 0x00, 0x00, 0x00, 0x00, 0x00, 0x00, 0x02, 0x00, 0x00, 0x80,
    0x00, 0x00, 0x00, 0x00, 0x24, 0x00, 0x00, 0x00, 0x00, 0x03, 0x80, 0x00,
    0x00, 0x00, 0x00, 0x00, 0x00, 0x00, 0x02, 0x00, 0x00, 0x80, 0x00, 0x00,
    0x00, 0x00, 0x24, 0x00, 0x00, 0x00, 0x00, 0x03, 0x81, 0xA9, 0x92, 0x93,
    0x00, 0x00, 0x00, 0x00, 0x02, 0x00, 0x00, 0x81, 0x00, 0x00, 0x00, 0x00,
    0x24, 0x00, 0x00, 0x00, 0x00, 0x00, 0x00, 0x00, 0x00, 0x00, 0x00, 0x00,
    0x00, 0x00, 0x02, 0x00, 0x00, 0x81, 0x00, 0x00, 0x00, 0x00, 0x24, 0x00,
    0x00, 0x00, 0x00, 0x04, 0x10, 0x81, 0xB6, 0x90, 0x00, 0x06, 0x00, 0x00,
    0x02, 0x00, 0x04, 0x80, 0x00, 0x00, 0x00, 0x24, 0x24, 0x00, 0x00, 0x00,
    0x00, 0x07, 0x10, 0x09, 0x36, 0xB3, 0x00, 0x01, 0x00, 0x00, 0x02, 0x00,
    0x00, 0x80, 0x00, 0x00, 0x00, 0x20, 0x24, 0x00, 0x00, 0x00, 0x00, 0x00,
    0x10, 0x00, 0x00, 0x00, 0x00, 0x00, 0x00, 0x00, 0x02, 0x00, 0x06, 0x80,
    0x00, 0x00, 0x00, 0x20, 0x24, 0x00, 0x00, 0x00, 0x00, 0x00, 0x16, 0x69,
    0x30, 0x33, 0x00, 0x00, 0x00, 0x00, 0x02, 0x00, 0x00, 0x80, 0x00, 0x00,
    0x00, 0x00, 0x24, 0x00, 0x00, 0x00, 0x00, 0x00, 0x10, 0x00, 0x08, 0x80,
    0x00, 0x00, 0x00, 0x00, 0x02, 0x00, 0x00, 0x80, 0x00, 0x00, 0x00, 0x00,
    0x24, 0x00, 0x00, 0x00, 0x00, 0x00, 0x10, 0x00, 0x00, 0x80, 0x00, 0x00,
    0x00, 0x00, 0x02, 0x00, 0x04, 0x80, 0x02, 0x00, 0x04, 0x00, 0x24, 0x00,
    0x00, 0x00, 0x00, 0x00, 0x16, 0x69, 0x10, 0x33, 0x00, 0x00, 0x00, 0x00,
    0x02, 0x00, 0x06, 0x80, 0x02, 0x00, 0x04, 0x00, 0x24, 0x00, 0x00, 0x00,
    0x00, 0x00, 0x16, 0x69, 0x30, 0x13, 0x00, 0x00, 0x00, 0x00, 0x02, 0x00,
    0x00, 0x80, 0x00, 0x00, 0x00, 0x00, 0x24, 0x00, 0x00, 0x00, 0x00, 0x00,
    0x10, 0x00, 0x00, 0x00, 0x00, 0x00, 0x00, 0x00, 0x02, 0x00, 0x04, 0x80,
    0x00, 0x00, 0x02, 0x00, 0x24, 0x00, 0x00, 0x00, 0x00, 0x00, 0x16, 0x60,
    0x00, 0x13, 0x60, 0x00, 0x00, 0x00, 0x02, 0x00, 0x06, 0x80, 0x00, 0x00,
    0x02, 0x00, 0x24, 0x00, 0x00, 0x00, 0x00, 0x00, 0x16, 0x6D, 0x00, 0x13,
    0x60, 0x00, 0x00, 0x00, 0x02, 0x00, 0x00, 0x80, 0x01, 0x00, 0x00, 0x00,
    0x24, 0x00, 0x00, 0x00, 0x00, 0x00, 0x10, 0x01, 0x00, 0x00, 0x00, 0x00,
    0x00, 0x00, 0x02, 0x00, 0x00, 0x80, 0x01, 0x00, 0x00, 0x00, 0x24, 0x00,
    0x00, 0x00, 0x00, 0x00, 0x10, 0x01, 0x08, 0x00, 0x00, 0x00, 0x00, 0x00,
    0x02, 0x00, 0x06, 0x80, 0x00, 0x00, 0x00, 0x00, 0x24, 0x00, 0x00, 0x00,
    0x00, 0x00, 0x16, 0x19, 0x12, 0xB4, 0x26, 0x00, 0x00, 0x00, 0x02, 0x00,
    0x06, 0x80, 0x00, 0x00, 0x00, 0x00, 0x24, 0x00, 0x00, 0x00, 0x00, 0x00,
    0x16, 0x09, 0x10, 0x80, 0x26, 0x00, 0x00, 0x00, 0x02, 0x00, 0x00, 0x80,
    0x10, 0x00, 0x00, 0x00, 0x24, 0x00, 0x04, 0xFF, 0x00, 0x00, 0x10, 0x09,
    0x04, 0x30, 0x00, 0x00, 0x00, 0x00, 0x02, 0x00, 0x00, 0x80, 0x00, 0x00,
    0x00, 0x00, 0x24, 0x00, 0x04, 0x00, 0x00, 0x00, 0x10, 0x05, 0x00, 0x04,
    0x00, 0x00, 0x00, 0x00, 0x02, 0x00, 0x06, 0x81, 0x80, 0x00, 0x00, 0x0F,
    0x24, 0x00, 0x04, 0x6C, 0x00, 0x00, 0x1F, 0x15, 0x06, 0x80, 0x26, 0x00,
    0x00, 0x00, 0x02, 0x00, 0x00, 0x81, 0x00, 0x00, 0x00, 0x00, 0x24, 0x00,
    0x04, 0xFB, 0x00, 0x00, 0x1F, 0x00, 0x21, 0x04, 0x00, 0x00, 0x00, 0x00,
    0x02, 0x00, 0x00, 0x81, 0x80, 0x00, 0x00, 0x00, 0x24, 0x00, 0x04, 0xFF,
    0x00, 0x00, 0x1F, 0x00, 0x01, 0x04, 0x00, 0x00, 0x00, 0x00, 0x02, 0x00,
    0x06, 0x80, 0x00, 0x00, 0x00, 0x00, 0x84, 0x00, 0x04, 0xFF, 0x04, 0x00,
    0x1F, 0xF0, 0xF8, 0x00, 0xE6, 0x00, 0x00, 0x00, 0x02, 0x00, 0x03, 0x81,
    0xFF, 0xFF, 0xFF, 0xFC, 0x00, 0x00, 0x00, 0xFF, 0x07, 0xFC, 0x1F, 0xE0,
    0xFC, 0x07, 0xF0, 0x00, 0x00, 0x00, 0x02, 0x00, 0x03, 0xC0, 0x00, 0x00,
    0x00, 0x00, 0x00, 0x00, 0x00, 0xDF, 0xC0, 0x00, 0x7F, 0xE0, 0xF0, 0x07,
    0x70, 0x00, 0x00, 0x00, 0x02, 0x00, 0x0F, 0xE0, 0x00, 0x00, 0x00, 0x00,
    0x18, 0x00, 0x07, 0xFF, 0xE0, 0x00, 0xF8, 0xFF, 0xFC, 0x60, 0xFE, 0x00,
    0x00, 0x00, 0x02, 0x00, 0x0F, 0xE0, 0x00, 0x00, 0x00, 0x00, 0x18, 0x00,
    0x07, 0xFF, 0xE0, 0x00, 0xE8, 0xFF, 0xFC, 0x60, 0xFE, 0x00, 0x00, 0x00,
    0x02, 0x00, 0x07, 0xFF, 0xFF, 0xFF, 0xFF, 0xFF, 0xFF, 0xE0, 0x3F, 0xEC,
    0xFF, 0xFF, 0xFD, 0xFF, 0xFF, 0xFF, 0xFC, 0x00, 0x00, 0x00, 0x02, 0x00,
    0x03, 0xB6, 0x4A, 0x52, 0x94, 0x80, 0xA5, 0x20, 0x25, 0x2C, 0xB4, 0xA4,
    0x9D, 0xEB, 0x4D, 0x94, 0xB0, 0x00, 0x00, 0x00, 0x02, 0x00, 0x00, 0x7F,
    0xFF, 0xFF, 0xFF, 0xFF, 0xFF, 0xFF, 0xFF, 0xFF, 0xFF, 0xFF, 0xFF, 0xFF,
    0xFF, 0xFF, 0xE0, 0x00, 0x00, 0x00, 0x02, 0x00, 0x00, 0x7F, 0x7B, 0xFF,
    0xDF, 0xBF, 0xFD, 0xCD, 0xDF, 0x73, 0xFF, 0xDF, 0xE7, 0xBF, 0x7F, 0xF6,
    0xE0, 0x00, 0x00, 0x00, 0x02, 0x1C, 0x00, 0x7F, 0xFF, 0xFF, 0xFF, 0x3F,
    0xFF, 0xCD, 0xDD, 0x77, 0xFF, 0xDF, 0xE7, 0xFF, 0xFF, 0xFE, 0xE0, 0x00,
    0x00, 0x00, 0x03, 0xC0, 0x00, 0x00, 0x00, 0x00, 0x00, 0x00, 0x00, 0x00,
    0x00, 0x00, 0x00, 0x00, 0x00, 0x00, 0x00, 0x00, 0x00, 0x00, 0x00, 0x00,
    0x00, 0x00, 0x00, 0x00, 0x00, 0x00, 0x00, 0x00, 0x00, 0x00, 0x00, 0x00,
    0x00, 0x00, 0x00, 0x00, 0x00, 0x00, 0x00, 0x00, 0x00, 0x00, 0x00, 0x00,
    0x00, 0x00, 0x00, 0x00, 0x00, 0x00, 0x00, 0x00, 0x00, 0x00, 0x00, 0x00,
    0x00, 0x00, 0x00, 0x00, 0x00, 0x00, 0x00, 0x00, 0x00, 0x00, 0x00, 0x00,
    0x00, 0x00, 0x00, 0x00, 0x00, 0x00, 0x00, 0x00, 0x00, 0x00, 0x00, 0x00,
    0x00, 0x00, 0x00, 0x00, 0x00, 0x00, 0x00, 0x00, 0x00, 0x00, 0x00, 0x00,
    0x00, 0x00, 0x00, 0x00, 0x00, 0x00, 0x00, 0x00, 0x00, 0x00, 0x00, 0x00,
    0x00, 0x00, 0x00, 0x00, 0x00, 0x00, 0x00, 0x00, 0x00, 0x00, 0x00, 0x00,
    0x00, 0x00, 0x00, 0x00, 0x00, 0x00, 0x00, 0x00, 0x00, 0x00, 0x00, 0x00,
    0x00, 0x00, 0x00, 0x00, 0x3F, 0xFF, 0xFF, 0xFF, 0xFF, 0xFF, 0xFF, 0xFF,
    0xFF, 0xFF, 0xFF, 0xFF, 0xFF, 0xFF, 0xFF, 0xFF, 0xFF, 0xE0, 0x00, 0x00,
    0x00, 0x07, 0x00, 0x00, 0x00, 0x00, 0x00, 0x00, 0x00, 0x00, 0x00, 0x00,
    0x00, 0x00, 0x00, 0x00, 0x00, 0x00, 0x00, 0x0F, 0x00, 0x00, 0x00, 0x00,
    0x00, 0x00, 0x00, 0x00, 0x00, 0x00, 0x00, 0x00, 0x00, 0x00, 0x00, 0x00,
    0x00, 0x00, 0x00, 0x00, 0x00, 0x00, 0x00, 0x00, 0x00, 0x00, 0x00, 0x00,
    0x00, 0x00, 0x00, 0x00, 0x00, 0x00, 0x00, 0x00, 0x00, 0x00, 0x00, 0x00,
    0x00, 0x00, 0x00, 0x00, 0x00, 0x00, 0x00, 0x00, 0xFF, 0xFF, 0xFF, 0xFF,
    0xFF, 0xFF, 0xFF, 0xFF, 0xFF, 0xFF, 0xFF, 0xFF, 0xFF, 0xFF, 0xFF, 0xFF,
    0xFF, 0xF0, 0x00, 0x00, 0x00, 0x00, 0x00, 0x00, 0x00, 0x00, 0x00, 0x00,
    0x00, 0x00, 0x00, 0x00, 0x00, 0x00, 0x00, 0x00, 0x00, 0x00, 0x00, 0x00,
    0x00, 0x00, 0x00, 0x00, 0x00, 0x00, 0x00, 0x00, 0x00, 0x00, 0x00, 0x00,
    0x00, 0x00, 0x00, 0x00, 0x00, 0x00, 0x00, 0x00, 0x00, 0x00, 0x00, 0x00,
    0x00, 0x00, 0x00, 0x00, 0x00, 0x00, 0x00, 0x00, 0x00, 0x00, 0x00, 0x00,
    0x00, 0x00, 0x00, 0x00, 0x00, 0x00, 0x00, 0x00, 0x00, 0x00, 0x00, 0x00,
    0x00, 0x00, 0x00, 0x00, 0x00, 0x00, 0x00, 0x00, 0x00, 0x00, 0x00, 0x00,
    0x00, 0x00, 0x00, 0x00, 0x00, 0x00, 0x00, 0x00,
};

constexpr uint8_t kStatusBlackData[] = {
    0x00, 0x00, 0x00, 0x00, 0x00, 0x00, 0x00, 0x00, 0x00, 0x00, 0x00, 0x00,
    0x00, 0x00, 0x00, 0x00, 0x00, 0x00, 0x00, 0x00, 0x00, 0x00, 0x00, 0x00,
    0x00, 0x00, 0x00, 0x00, 0x00, 0x00, 0x00, 0x00, 0x00, 0x00, 0x00, 0x00,
    0x00, 0x00, 0x00, 0x00, 0x00, 0x00, 0x00, 0x00, 0x00, 0x00, 0x00, 0x00,
    0x00, 0x00, 0x00, 0x00, 0x00, 0x00, 0x00, 0x00, 0x00, 0x00, 0x00, 0x00,
    0x00, 0x00, 0x00, 0x00, 0x00, 0x00, 0x00, 0x00, 0x00, 0x00, 0x00, 0x00,
    0x00, 0x00, 0x00, 0x00, 0x00, 0x00, 0x00, 0x00, 0x00, 0x00, 0x00, 0x00,
    0x00, 0x00, 0x00, 0x00, 0x00, 0x00, 0x00, 0x00, 0x00, 0x00, 0x00, 0x00,
    0x00, 0x00, 0x00, 0x00, 0x00, 0x00, 0x00, 0x00, 0x00, 0x00, 0x00, 0x00,
    0x00, 0x00, 0x00, 0x00, 0x00, 0x00, 0x00, 0x00, 0x03, 0xFF, 0xFF, 0xFF,
    0xFF, 0xFF, 0xFF, 0xFF, 0xFF, 0xF8, 0x00, 0x00, 0x00, 0x00, 0x00, 0x00,
    0x00, 0x00, 0x00, 0x00, 0x00, 0x00, 0x03, 0xFF, 0xFF, 0xFF, 0xFF, 0xFF,
    0xFF, 0xFF, 0xFF, 0xF8, 0x00, 0x00, 0x00, 0x00, 0x00, 0x00, 0x00, 0x00,
    0x00, 0x00, 0x00, 0x00, 0x03, 0xFF, 0xFF, 0xFF, 0xFF, 0xFF, 0xFF, 0xFF,
    0xFF, 0xF8, 0x00, 0x00, 0x00, 0x00, 0x00, 0x00, 0x00, 0x00, 0x00, 0x00,
    0x00, 0x00, 0x3F, 0xFF, 0xFF, 0xFF, 0xFF, 0xFF, 0xFF, 0xFF, 0xFF, 0xFF,
    0x00, 0x00, 0x00, 0x00, 0x00, 0x00, 0x00, 0x00, 0x00, 0x00, 0x00, 0x00,
    0x3E, 0x00, 0x00, 0x00, 0x00, 0x00, 0x00, 0x00, 0x00, 0x0F, 0x00, 0x00,
    0x00, 0x00, 0x00, 0x00, 0x00, 0x00, 0x00, 0x00, 0x00, 0x00, 0x3E, 0x00,
    0x00, 0x00, 0x00, 0x00, 0x00, 0x00, 0x00, 0x0F, 0x00, 0x00, 0x00, 0x00,
    0x00, 0x00, 0x00, 0x00, 0x00, 0x00, 0x00, 0x00, 0x3E, 0x00, 0x00, 0x00,
    0x00, 0x00, 0x00, 0x00, 0x00, 0x0F, 0x00, 0x00, 0x00, 0x00, 0x00, 0x00,
    0x00, 0x00, 0x00, 0x00, 0x00, 0x01, 0xE0, 0x00, 0x00, 0x00, 0x00, 0x00,
    0x00, 0x00, 0x00, 0x01, 0xF0, 0x00, 0x00, 0x00, 0x00, 0x00, 0x00, 0x00,
    0x00, 0x00, 0x00, 0x01, 0xE0, 0x00, 0x00, 0x00, 0x00, 0x00, 0x00, 0x00,
    0x00, 0x01, 0xF0, 0x00, 0x00, 0x00, 0x00, 0x00, 0x00, 0x00, 0x00, 0x00,
    0x00, 0x01, 0xE0, 0x00, 0x00, 0x00, 0x00, 0x00, 0x00, 0x00, 0x00, 0x01,
    0xF0, 0x00, 0x00, 0x00, 0x00, 0x00, 0x00, 0x00, 0x00, 0x00, 0x00, 0x01,
    0xE0, 0x00, 0x00, 0x00, 0x00, 0x00, 0x00, 0x00, 0x00, 0x01, 0xF0, 0x00,
    0x00, 0x00, 0x00, 0x00, 0x00, 0x00, 0x00, 0x00, 0x00, 0x01, 0xE0, 0x00,
    0x00, 0x00, 0x00, 0x00, 0x00, 0x00, 0x00, 0x01, 0xF0, 0x00, 0x00, 0x00,
    0x00, 0x00, 0x00, 0x00, 0x00, 0x00, 0x00, 0x01, 0xE0, 0x00, 0x00, 0x00,
    0x00, 0x00, 0x00, 0x00, 0x00, 0x01, 0xF0, 0x00, 0x00, 0x00, 0x00, 0x00,
    0x00, 0x00, 0x00, 0x00, 0x01, 0xFF, 0xE0, 0x00, 0x00, 0x00, 0x00, 0x00,
    0x00, 0x00, 0x00, 0x01, 0xF0, 0x00, 0x00, 0x00, 0x00, 0x00, 0x00, 0x00,
    0x00, 0x00, 0x03, 0xFF, 0xE0, 0x00, 0x00, 0x00, 0x00, 0x00, 0x00, 0x00,
    0x00, 0x01, 0xF0, 0x00, 0x00, 0x00, 0x00, 0x00, 0x00, 0x00, 0x00, 0x00,
    0x03, 0xFF, 0x80, 0x00, 0x00, 0x00, 0x00, 0x00, 0x00, 0x00, 0x00, 0x01,
    0xF0, 0x00, 0x00, 0x00, 0x00, 0x00, 0x00, 0x00, 0x00, 0x00, 0x03, 0xFF,
    0x80, 0x00, 0x00, 0x00, 0x00, 0x00, 0x00, 0x00, 0x00, 0x01, 0xF0, 0x00,
    0x00, 0x00, 0x00, 0x00, 0x00, 0x00, 0x00, 0x00, 0x3F, 0xFF, 0x80, 0x00,
    0x00, 0x00, 0x00, 0x00, 0x00, 0x00, 0x00, 0x01, 0xF0, 0x00, 0x00, 0x00,
    0x00, 0x00, 0x00, 0x00, 0x00, 0x00, 0x3E, 0x00, 0x00, 0x00, 0x00, 0x00,
    0x00, 0x00, 0x00, 0x00, 0x00, 0x01, 0xF0, 0x00, 0x00, 0x00, 0x00, 0x00,
    0x00, 0x00, 0x00, 0x00, 0x3E, 0x00, 0x00, 0x00, 0x00, 0x00, 0x00, 0x00,
    0x00, 0x00, 0x00, 0x01, 0xF0, 0x00, 0x00, 0x00, 0x00, 0x00, 0x00, 0x00,
    0x00, 0x01, 0xFE, 0x00, 0x00, 0x00, 0x00, 0x3F, 0x00, 0x00, 0x00, 0x00,
    0x00, 0x01, 0xF0, 0x00, 0x00, 0x00, 0x00, 0x00, 0x00, 0x00, 0x00, 0x01,
    0xE0, 0x00, 0x00, 0x00, 0x00, 0x3F, 0x80, 0x00, 0x00, 0x00, 0x00, 0x01,
    0xFF, 0xFC, 0x00, 0x00, 0x00, 0x00, 0x00, 0x00, 0x00, 0x01, 0xE0, 0x00,
    0x00, 0x00, 0x00, 0x3F, 0x80, 0x00, 0x00, 0x00, 0x00, 0x01, 0xFF, 0xFC,
    0x00, 0x00, 0x00, 0x00, 0x00, 0x00, 0x00, 0x01, 0xE0, 0x00, 0x00, 0x00,
    0x01, 0xC0, 0xE0, 0x00, 0x00, 0x00, 0x00, 0x01, 0xFF, 0xFC, 0x00, 0x00,
    0x00, 0x00, 0x00, 0x00, 0x00, 0x01, 0xE0, 0x00, 0x00, 0x00, 0x01, 0xC0,
    0xE0, 0x00, 0x00, 0x00, 0x00, 0x01, 0xFF, 0xFF, 0xC0, 0x00, 0x00, 0x00,
    0x00, 0x00, 0x00, 0x01, 0xE0, 0x00, 0x00, 0x00, 0x0E, 0x00, 0x10, 0x00,
    0x00, 0x00, 0x00, 0x00, 0x00, 0x07, 0xC0, 0x00, 0x00, 0x00, 0x00, 0x00,
    0x00, 0x01, 0xE0, 0x00, 0x00, 0x00, 0x06, 0x00, 0x18, 0x00, 0x00, 0x00,
    0x00, 0x00, 0x00, 0x07, 0xC0, 0x00, 0x00, 0x00, 0x00, 0x00, 0x00, 0x01,
    0xE0, 0x00, 0x00, 0x00, 0x06, 0x00, 0x18, 0x00, 0x00, 0x00, 0x00, 0x00,
    0x00, 0x07, 0xF8, 0x00, 0x00, 0x00, 0x00, 0x00, 0x00, 0x01, 0xE0, 0x00,
    0x00, 0x00, 0x06, 0x00, 0x18, 0x00, 0x00, 0x00, 0x00, 0x00, 0x00, 0x00,
    0xF8, 0x00, 0x00, 0x00, 0x00, 0x00, 0x00, 0x01, 0xE0, 0x00, 0x00, 0x00,
    0x06, 0x00, 0x1C, 0x00, 0x00, 0x00, 0x00, 0x00, 0x00, 0x00, 0x78, 0x00,
    0x00, 0x00, 0x00, 0x00, 0x00, 0x01, 0xE0, 0x00, 0x00, 0x00, 0x06, 0x00,
    0x1C, 0x00, 0x00, 0x00, 0x00, 0x00, 0x00, 0x00, 0xFF, 0xFF, 0xC0, 0x00,
    0x00, 0x00, 0x00, 0x01, 0xE0, 0x00, 0x00, 0x00, 0x06, 0x00, 0x1C, 0x00,
    0x00, 0x00, 0x00, 0x00, 0x00, 0x00, 0xFF, 0xFF, 0xC0, 0x00, 0x00, 0x00,
    0x00, 0x01, 0xE0, 0x00, 0xFC, 0x00, 0x06, 0x00, 0x07, 0x00, 0x00, 0x00,
    0x00, 0x00, 0x00, 0x00, 0x1F, 0xFF, 0xC0, 0x00, 0x00, 0x00, 0x00, 0x01,
    0xE0, 0x00, 0xFF, 0x00, 0x0E, 0x00, 0x07, 0x00, 0x00, 0x00, 0x00, 0x00,
    0x00, 0x00, 0x1F, 0xFF, 0xF0, 0x00, 0x00, 0x00, 0x00, 0x01, 0xE0, 0x03,
    0x03, 0xC0, 0x0E, 0x00, 0x07, 0x00, 0x00, 0x00, 0x00, 0x00, 0x00, 0x00,
    0x1F, 0xFF, 0xFC, 0x00, 0x00, 0x00, 0x00, 0x01, 0xE0, 0x03, 0x00, 0xE0,
    0x0E, 0x00, 0x07, 0x00, 0x00, 0x00, 0x00, 0x00, 0x00, 0x00, 0x00, 0x00,
    0x7C, 0x00, 0x00, 0x00, 0x00, 0x01, 0xE0, 0x03, 0x00, 0xE0, 0x06, 0x00,
    0x07, 0x00, 0x00, 0x00, 0x00, 0x00, 0x00, 0x00, 0x00, 0x00, 0x7C, 0x00,
    0x00, 0x00, 0x00, 0x01, 0xE0, 0x1C, 0x00, 0x38, 0x06, 0x00, 0x07, 0x00,
    0x00, 0x1C, 0x00, 0x00, 0x00, 0x00, 0x00, 0x00, 0x7C, 0x00, 0x00, 0x00,
    0x00, 0x01, 0xE0, 0x1C, 0x00, 0x38, 0x0E, 0x00, 0x07, 0x00, 0x00, 0x1F,
    0xE0, 0x00, 0x00, 0x00, 0x00, 0x00, 0x03, 0xC0, 0x00, 0x00, 0x00, 0x01,
    0xE0, 0x1C, 0x00, 0x0C, 0x0E, 0x00, 0x07, 0x00, 0x00, 0x1F, 0xFF, 0xFC,
    0x00, 0x00, 0x00, 0x00, 0x03, 0xC0, 0x00, 0x00, 0x00, 0x01, 0xE0, 0x1C,
    0x00, 0x0C, 0x0E, 0x00, 0x07, 0x00, 0x00, 0xE0, 0x3F, 0xFC, 0x00, 0x00,
    0x00, 0x00, 0x03, 0xC0, 0x00, 0x00, 0x00, 0x01, 0xE0, 0x1C, 0x00, 0x0C,
    0x0F, 0x00, 0x07, 0x00, 0x00, 0xE0, 0x1F, 0xFF, 0xE0, 0x00, 0x00, 0x00,
    0x03, 0xC0, 0x00, 0x00, 0x00, 0x01, 0xE0, 0x1C, 0x00, 0x07, 0x03, 0x00,
    0x03, 0x00, 0x00, 0xE0, 0x00, 0x1F, 0xFF, 0x80, 0x00, 0x00, 0x03, 0xC0,
    0x00, 0x00, 0x00, 0x01, 0xE0, 0x1C, 0x00, 0x07, 0x03, 0x00, 0x03, 0x00,
    0x00, 0xE0, 0x00, 0x0F, 0xFF, 0xE0, 0x00, 0x00, 0x03, 0xC0, 0x00, 0x00,
    0x00, 0x01, 0xE0, 0x1C, 0x00, 0x07, 0x03, 0x00, 0x03, 0x00, 0x00, 0xE0,
    0x00, 0x00, 0x03, 0xFF, 0x00, 0x00, 0x03, 0xC0, 0x00, 0x00, 0x00, 0x1F,
    0xE0, 0x1E, 0x00, 0x01, 0x83, 0x00, 0x03, 0x00, 0x01, 0xC0, 0x00, 0x00,
    0x01, 0xFF, 0xE0, 0x00, 0x03, 0xC0, 0x00, 0x00, 0x00, 0x1F, 0x00, 0x06,
    0x00, 0x01, 0x83, 0x00, 0x03, 0x00, 0x01, 0xC0, 0x00, 0x00, 0x00, 0x07,
    0xFF, 0xC0, 0x03, 0xC0, 0x00, 0x00, 0x00, 0x1F, 0x00, 0x06, 0x00, 0x00,
    0xE3, 0x80, 0x03, 0x00, 0x03, 0xC0, 0x00, 0x00, 0x00, 0x00, 0x1F, 0xE0,
    0x03, 0xC0, 0x00, 0x00, 0x01, 0xFF, 0x00, 0x03, 0x00, 0x00, 0x60, 0xC0,
    0x03, 0xFC, 0x03, 0xC0, 0x00, 0x00, 0x00, 0x00, 0x1F, 0xF8, 0x03, 0xC0,
    0x00, 0x00, 0x01, 0xF0, 0x00, 0x03, 0x00, 0x00, 0x60, 0xC0, 0x00, 0xFC,
    0x03, 0x80, 0x00, 0x00, 0x00, 0x00, 0x00, 0xF8, 0x03, 0xC0, 0x00, 0x00,
    0x01, 0xF0, 0x00, 0x01, 0xC0, 0x00, 0x3F, 0xC0, 0x00, 0x07, 0x83, 0x80,
    0x00, 0x00, 0x00, 0x00, 0x00, 0x1E, 0x03, 0xC0, 0x00, 0x00, 0x01, 0xF0,
    0x00, 0x01, 0xC0, 0x00, 0x3F, 0xC0, 0x00, 0x07, 0x83, 0x80, 0x00, 0x00,
    0x00, 0x00, 0x00, 0x1E, 0x03, 0xC0, 0x00, 0x00, 0x0F, 0xE0, 0x00, 0x01,
    0xC0, 0x00, 0x3F, 0x00, 0x00, 0x00, 0xC3, 0x80, 0x00, 0x00, 0x00, 0x00,
    0x00, 0x0E, 0x03, 0xC0, 0x00, 0x00, 0x0F, 0x00, 0x00, 0x00, 0x70, 0x00,
    0x38, 0x00, 0x00, 0x00, 0xE3, 0x80, 0x00, 0x00, 0x00, 0x00, 0x00, 0x0E,
    0x03, 0xC0, 0x00, 0x00, 0x0F, 0x00, 0x00, 0x00, 0x70, 0x00, 0x00, 0x00,
    0x00, 0x00, 0xFB, 0x80, 0x00, 0x00, 0x00, 0x00, 0x00, 0x0E, 0x03, 0xC0,
    0x00, 0x00, 0xFF, 0x00, 0x00, 0x00, 0x70, 0x00, 0x00, 0x00, 0x00, 0x00,
    0x1F, 0x00, 0x00, 0x00, 0x00, 0x00, 0x00, 0x0E, 0x03, 0xC0, 0x00, 0x00,
    0xF8, 0x00, 0x00, 0x00, 0x1C, 0x00, 0x00, 0x00, 0x00, 0x00, 0x1F, 0x00,
    0x00, 0x00, 0x00, 0x00, 0x00, 0x0E, 0x03, 0xC0, 0x00, 0x00, 0xF8, 0x00,
    0x00, 0x00, 0x1C, 0x00, 0x00, 0x00, 0x00, 0x00, 0x0F, 0x00, 0x00, 0x00,
    0x00, 0x00, 0x00, 0x0E, 0x03, 0xC0, 0x00, 0x00, 0xF8, 0x00, 0x00, 0x00,
    0x07, 0x00, 0x00, 0x00, 0x00, 0x00, 0x0F, 0x00, 0x1F, 0x00, 0x00, 0x00,
    0x00, 0x0E, 0x03, 0xC0, 0x00, 0x00, 0xF8, 0x00, 0x00, 0x00, 0x07, 0x00,
    0x00, 0x00, 0x00, 0x00, 0x0F, 0x00, 0x1F, 0x00, 0x00, 0x00, 0x00, 0x0E,
    0x03, 0xC0, 0x00, 0x00, 0xF8, 0x00, 0x00, 0x00, 0x07, 0x00, 0x00, 0x00,
    0x00, 0x00, 0x0F, 0x00, 0x1F, 0x00, 0x00, 0x00, 0x00, 0x0E, 0x03, 0xC0,
    0x00, 0x00, 0xF8, 0x00, 0x00, 0x00, 0x00, 0xC0, 0x00, 0x00, 0x00, 0x00,
    0x0E, 0x00, 0x1F, 0x03, 0xF0, 0x00, 0x00, 0x0E, 0x03, 0xC0, 0x00, 0x00,
    0xF8, 0x00, 0x00, 0x00, 0x00, 0xC0, 0x00, 0x00, 0x00, 0x00, 0x0E, 0x00,
    0x1F, 0x03, 0xF0, 0x00, 0x00, 0x0E, 0x03, 0xC0, 0x00, 0x00, 0xF8, 0x00,
    0x00, 0x00, 0x03, 0x80, 0x00, 0x00, 0x00, 0x00, 0x0E, 0x00, 0x00, 0x03,
    0xF0, 0x1F, 0x00, 0x0C, 0x03, 0xC0, 0x00, 0x00, 0xF8, 0x00, 0x00, 0x00,
    0x03, 0x00, 0x00, 0x00, 0x00, 0x00, 0x1E, 0x00, 0x00, 0x03, 0xF0, 0x1F,
    0x00, 0x1C, 0x03, 0xC0, 0x00, 0x00, 0xF8, 0x00, 0x00, 0x00, 0x03, 0x00,
    0x00, 0x00, 0x00, 0x00, 0x1E, 0x00, 0x00, 0x03, 0xF0, 0x1F, 0x00, 0x1C,
    0x03, 0xC0, 0x00, 0x00, 0xF8, 0x00, 0x00, 0x00, 0x07, 0x00, 0x00, 0x00,
    0x00, 0x78, 0x1C, 0x00, 0x00, 0x00, 0x00, 0x1F, 0x00, 0x38, 0x03, 0xC0,
    0x00, 0x00, 0xF8, 0x00, 0x00, 0x00, 0x07, 0x00, 0x00, 0x00, 0x00, 0x78,
    0x1C, 0x00, 0x00, 0x00, 0x00, 0x1F, 0x00, 0x38, 0x03, 0xC0, 0x00, 0x00,
    0xF8, 0x00, 0x00, 0x00, 0x0C, 0x00, 0x00, 0x00, 0x00, 0x78, 0x1C, 0x00,
    0x00, 0x00, 0x00, 0x00, 0x00, 0x30, 0x03, 0xC0, 0x00, 0x00, 0xF8, 0x00,
    0x00, 0x00, 0x1C, 0x00, 0x00, 0x00, 0x00, 0x78, 0x1C, 0x00, 0x00, 0x00,
    0x00, 0x00, 0x00, 0x30, 0x03, 0xC0, 0x00, 0x00, 0xF8, 0x00, 0x00, 0x00,
    0x1C, 0x00, 0x00, 0x00, 0x00, 0x78, 0x18, 0x00, 0x00, 0x00, 0x00, 0x00,
    0x00, 0x30, 0x03, 0xC0, 0x00, 0x00, 0xF8, 0x00, 0x00, 0x00, 0x1C, 0x00,
    0x00, 0x00, 0x00, 0x00, 0x18, 0x00, 0x00, 0x00, 0x00, 0x00, 0x00, 0x30,
    0x03, 0xC0, 0x00, 0x00, 0xF8, 0x00, 0x00, 0x00, 0x1C, 0x00, 0x07, 0x80,
    0xF8, 0x00, 0x18, 0x00, 0x00, 0x00, 0x00, 0x00, 0x00, 0x70, 0x03, 0xC0,
    0x00, 0x00, 0xF8, 0x00, 0x00, 0x00, 0x1C, 0x00, 0x07, 0x80, 0xF8, 0x00,
    0x18, 0x00, 0x00, 0x00, 0x00, 0x00, 0x00, 0x70, 0x03, 0xC0, 0x00, 0x00,
    0xF8, 0x00, 0x00, 0x00, 0x1C, 0x00, 0x0F, 0x80, 0xF8, 0x00, 0x18, 0x00,
    0x00, 0x00, 0x00, 0x00, 0x00, 0x70, 0x03, 0xC0, 0x00, 0x00, 0xF8, 0x00,
    0x00, 0x00, 0x1C, 0x00, 0x0F, 0x80, 0xF0, 0xC0, 0x1E, 0x00, 0x00, 0x00,
    0x00, 0x00, 0x00, 0x70, 0x03, 0xC0, 0x00, 0x00, 0xF8, 0x00, 0x00, 0x00,
    0x1C, 0x00, 0x0F, 0x80, 0x30, 0xC0, 0x1E, 0x00, 0x00, 0x00, 0x00, 0x00,
    0x00, 0x70, 0x03, 0xC0, 0x00, 0x00, 0xF8, 0x00, 0x00, 0x00, 0x1C, 0x00,
    0x00, 0x00, 0x19, 0xC0, 0x07, 0xFC, 0x00, 0x00, 0x00, 0x00, 0x00, 0xF0,
    0x03, 0xC0, 0x00, 0x00, 0xF8, 0x00, 0x00, 0x00, 0x1C, 0x00, 0x00, 0x0E,
    0x19, 0xC0, 0x07, 0xFC, 0x00, 0x00, 0x00, 0x00, 0x00, 0xF0, 0x03, 0xC0,
    0x00, 0x00, 0xF8, 0x00, 0x00, 0x00, 0x1C, 0x00, 0x00, 0x0E, 0x1F, 0x00,
    0x07, 0xFF, 0xFF, 0x00, 0x00, 0x00, 0x00, 0xF0, 0x03, 0xC0, 0x00, 0x00,
    0xF8, 0x00, 0x00, 0x00, 0x1C, 0x00, 0x00, 0x01, 0xFF, 0x00, 0x00, 0x7F,
    0xFF, 0x00, 0x00, 0x00, 0x00, 0xC0, 0x03, 0xC0, 0x00, 0x00, 0xF8, 0x00,
    0x00, 0x00, 0x1C, 0x00, 0x00, 0x01, 0xF8, 0x00, 0x00, 0x7F, 0xFF, 0xF8,
    0x00, 0x00, 0x00, 0xC0, 0x03, 0xC0, 0x00, 0x00, 0xF8, 0x00, 0x00, 0x00,
    0x03, 0x00, 0x00, 0x00, 0x00, 0x00, 0x00, 0xE0, 0x07, 0xFF, 0xC0, 0x00,
    0x01, 0xC0, 0x03, 0xC0, 0x00, 0x00, 0xF8, 0x00, 0x00, 0x00, 0x03, 0x00,
    0x00, 0x00, 0x00, 0x00, 0x00, 0xE0, 0x07, 0xFF, 0xC0, 0x00, 0x01, 0xC0,
    0x03, 0xC0, 0x00, 0x00, 0xF8, 0x00, 0x00, 0x00, 0x07, 0x00, 0x00, 0x00,
    0x00, 0x00, 0x00, 0xE0, 0x07, 0x0F, 0xFF, 0xFC, 0x03, 0xC0, 0x03, 0xC0,
    0x00, 0x00, 0xF8, 0x00, 0x00, 0x00, 0x03, 0x00, 0x00, 0x00, 0x00, 0x00,
    0x03, 0x80, 0x07, 0x0E, 0x3F, 0xFC, 0x03, 0xC0, 0x03, 0xC0, 0x00, 0x00,
    0xF8, 0x00, 0x00, 0x00, 0x03, 0x00, 0x00, 0x00, 0x00, 0x00, 0x03, 0x80,
    0x07, 0x0E, 0x7F, 0xFF, 0xFF, 0xC0, 0x03, 0xC0, 0x00, 0x00, 0xF8, 0x00,
    0x00, 0x00, 0x00, 0xE0, 0x00, 0x00, 0x00, 0x00, 0x1F, 0xE0, 0x07, 0x0E,
    0x00, 0x07, 0xFF, 0x00, 0x03, 0xC0, 0x00, 0x00, 0xF8, 0x00, 0x00, 0x00,
    0x00, 0xE0, 0x00, 0x00, 0x00, 0x00, 0x1F, 0xE0, 0x07, 0x0E, 0x00, 0x07,
    0xFF, 0x00, 0x03, 0xC0, 0x00, 0x00, 0xF8, 0x00, 0x00, 0x00, 0x00, 0x38,
    0x00, 0x00, 0x00, 0x00, 0xFF, 0xFF, 0x07, 0x3C, 0x00, 0x00, 0x00, 0x00,
    0x03, 0xC0, 0x00, 0x00, 0xF8, 0x00, 0x00, 0x00, 0x00, 0x38, 0x00, 0x00,
    0x00, 0x00, 0xF8, 0x1F, 0xE7, 0x3C, 0x00, 0x00, 0x00, 0x00, 0x03, 0xC0,
    0x00, 0x00, 0xF8, 0x00, 0x00, 0x00, 0x00, 0x38, 0x00, 0x00, 0x00, 0x00,
    0xF8, 0x1F, 0xE7, 0x3C, 0x00, 0x00, 0x00, 0x00, 0x03, 0xC0, 0x00, 0x00,
    0xF8, 0x00, 0x00, 0x00, 0x00, 0x07, 0xC0, 0x00, 0x00, 0x00, 0x00, 0x00,
    0xFC, 0x38, 0x00, 0x00, 0x00, 0x00, 0x03, 0xC0, 0x00, 0x00, 0xF8, 0x00,
    0x00, 0x00, 0x00, 0x07, 0xC0, 0x00, 0x00, 0x00, 0x00, 0x00, 0x1C, 0x38,
    0x00, 0x00, 0x00, 0x00, 0x3F, 0xC0, 0x00, 0x00, 0xF8, 0x00, 0x00, 0x00,
    0x00, 0x01, 0xF8, 0x00, 0x00, 0x00, 0x00, 0x00, 0x1C, 0x38, 0x00, 0x00,
    0x00, 0x00, 0x3E, 0x00, 0x00, 0x00, 0xF8, 0x00, 0x00, 0x00, 0x00, 0x00,
    0xFF, 0x80, 0x00, 0x00, 0x00, 0x00, 0x1F, 0xF8, 0x00, 0x00, 0x00, 0x00,
    0x3C, 0x00, 0x00, 0x00, 0xF8, 0x00, 0x00, 0x00, 0x00, 0x01, 0xFF, 0x80,
    0x00, 0x00, 0x00, 0x00, 0x1F, 0xF8, 0x00, 0x00, 0x00, 0x01, 0xFC, 0x00,
    0x00, 0x00, 0xF8, 0x00, 0x00, 0x00, 0x00, 0x07, 0x00, 0x00, 0x00, 0x00,
    0x00, 0x00, 0x18, 0x38, 0x00, 0x00, 0x00, 0x03, 0xFC, 0x00, 0x00, 0x00,
    0xF8, 0x00, 0x00, 0x00, 0x00, 0x07, 0x00, 0x00, 0x00, 0x00, 0x00, 0x00,
    0x18, 0x3C, 0x00, 0x00, 0x00, 0x03, 0xE0, 0x00, 0x00, 0x00, 0xF8, 0x00,
    0x00, 0x00, 0x00, 0x18, 0x00, 0x00, 0x00, 0x00, 0x00, 0x00, 0xE0, 0x0E,
    0x00, 0x00, 0x00, 0x03, 0xE0, 0x00, 0x00, 0x00, 0xF8, 0x00, 0x00, 0x00,
    0x00, 0x18, 0x00, 0xF8, 0x00, 0x00, 0x00, 0x00, 0xE0, 0x0E, 0x00, 0x00,
    0x00, 0x1F, 0xE0, 0x00, 0x00, 0x00, 0xF8, 0x00, 0x00, 0x00, 0x00, 0x18,
    0x00, 0xF8, 0x00, 0x00, 0x00, 0x60, 0xE0, 0x0E, 0x00, 0x00, 0x00, 0x1F,
    0x00, 0x00, 0x00, 0x00, 0xF8, 0x00, 0x00, 0x00, 0x00, 0x38, 0x00, 0xFF,
    0x00, 0x00, 0x00, 0x60, 0xE0, 0x0E, 0x00, 0x00, 0x00, 0x1F, 0x00, 0x00,
    0x00, 0x00, 0xF8, 0x00, 0x00, 0x00, 0x00, 0x38, 0x00, 0x1F, 0x00, 0x00,
    0x00, 0x60, 0xE0, 0x0E, 0x00, 0x00, 0x00, 0xFF, 0x00, 0x00, 0x00, 0x00,
    0xF8, 0x00, 0x00, 0x00, 0x00, 0xE0, 0x00, 0x03, 0xE0, 0x00, 0x00, 0x1C,
    0xE0, 0x0E, 0x00, 0x00, 0x00, 0xF0, 0x00, 0x00, 0x00, 0x00, 0xF8, 0x00,
    0x00, 0x00, 0x00, 0xE0, 0x00, 0x03, 0xE0, 0x00, 0x00, 0x1C, 0xE0, 0x0E,
    0x00, 0x00, 0x00, 0xF0, 0x00, 0x00, 0x00, 0x00, 0xF8, 0x00, 0x00, 0x00,
    0x00, 0xE0, 0x00, 0x00, 0xE0, 0x00, 0x00, 0x1C, 0xE0, 0x0E, 0x00, 0x00,
    0x00, 0xF0, 0x00, 0x00, 0x00, 0x00, 0xF8, 0x00, 0x00, 0x00, 0x00, 0xE0,
    0x00, 0x00, 0x18, 0x00, 0x00, 0x1C, 0xE0, 0x38, 0x00, 0x00, 0x00, 0xF0,
    0x00, 0x00, 0x00, 0x07, 0xC0, 0x00, 0x00, 0x00, 0x00, 0xE0, 0x00, 0x00,
    0x18, 0x00, 0x00, 0x1C, 0xE0, 0x38, 0x00, 0x00, 0x00, 0xF0, 0x00, 0x00,
    0x00, 0x07, 0xC0, 0x00, 0x00, 0x00, 0x00, 0xF8, 0x00, 0x00, 0x18, 0x00,
    0x00, 0x03, 0xFF, 0xF0, 0x00, 0x00, 0x00, 0xF0, 0x00, 0x00, 0x00, 0x07,
    0xC0, 0x00, 0x00, 0x00, 0x00, 0xF8, 0x00, 0x00, 0x18, 0x00, 0x00, 0x03,
    0x9F, 0xE0, 0x00, 0x00, 0x00, 0xF0, 0x00, 0x00, 0x00, 0x3F, 0xC0, 0x00,
    0x00, 0x00, 0x00, 0xF8, 0x00, 0x00, 0x18, 0x00, 0x00, 0x03, 0x9F, 0xE0,
    0x00, 0x00, 0x00, 0xF0, 0x00, 0x00, 0x00, 0x3C, 0x00, 0x00, 0x00, 0x00,
    0x00, 0xE7, 0x00, 0x00, 0x18, 0x00, 0x00, 0x03, 0x07, 0x00, 0x00, 0x00,
    0x00, 0xF0, 0x00, 0x00, 0x00, 0x3C, 0x00, 0x00, 0x00, 0x00, 0x00, 0xE7,
    0x00, 0x00, 0x18, 0x00, 0x00, 0x03, 0x07, 0x00, 0x00, 0x00, 0x00, 0xF0,
    0x00, 0x00, 0x01, 0xFC, 0x00, 0x00, 0x00, 0x00, 0x00, 0xE7, 0xF0, 0x00,
    0x98, 0x00, 0x00, 0x03, 0x07, 0x00, 0x00, 0x00, 0x00, 0xF0, 0x00, 0x00,
    0x01, 0xE0, 0x00, 0x00, 0x00, 0x00, 0x00, 0xE1, 0xF0, 0x00, 0xE0, 0x00,
    0x00, 0x03, 0x06, 0x00, 0x00, 0x00, 0x00, 0xF0, 0x00, 0x00, 0x01, 0xE0,
    0x00, 0x00, 0x00, 0x00, 0x00, 0xE1, 0xF0, 0x00, 0xE0, 0x00, 0x00, 0x03,
    0x06, 0x00, 0x00, 0x00, 0x00, 0xF0, 0x00, 0x00, 0x01, 0xE0, 0x00, 0x07,
    0xFF, 0xFF, 0xFF, 0xFF, 0x8F, 0xFF, 0x80, 0x00, 0x00, 0x03, 0x1E, 0x00,
    0x00, 0x00, 0x00, 0xF0, 0x00, 0x00, 0x01, 0xE0, 0x00, 0x07, 0xFF, 0xFF,
    0xFF, 0xFF, 0xCF, 0xFF, 0x80, 0x00, 0x00, 0x03, 0x1C, 0x00, 0x00, 0x00,
    0x00, 0xF0, 0x00, 0x00, 0x01, 0xE0, 0x00, 0x1C, 0x00, 0x00, 0x00, 0x00,
    0x7E, 0x00, 0x00, 0x00, 0x00, 0x1F, 0x18, 0x00, 0x00, 0x00, 0x00, 0xF0,
    0x00, 0x00, 0x01, 0xE0, 0x00, 0x18, 0x00, 0x00, 0x00, 0x00, 0x70, 0x00,
    0x00, 0x00, 0x00, 0x1E, 0x18, 0x00, 0x00, 0x00, 0x00, 0xF0, 0x00, 0x00,
    0x01, 0xE0, 0x00, 0x78, 0x00, 0x00, 0x00, 0x00, 0x7C, 0x00, 0x00, 0x00,
    0x00, 0x1E, 0x18, 0x00, 0x00, 0x00, 0x00, 0xF0, 0x00, 0x00, 0x01, 0xE0,
    0x00, 0x78, 0x00, 0x00, 0x00, 0x00, 0x7C, 0x00, 0x00, 0x00, 0x00, 0x1C,
    0x78, 0x00, 0x00, 0x00, 0x00, 0xF0, 0x00, 0x00, 0x01, 0xE0, 0x00, 0x67,
    0x00, 0x00, 0x00, 0x01, 0x98, 0x00, 0x00, 0x00, 0x00, 0x1C, 0x78, 0x00,
    0x00, 0x00, 0x00, 0xF0, 0x00, 0x00, 0x01, 0xE0, 0x00, 0x67, 0x00, 0x00,
    0x00, 0x01, 0x98, 0x00, 0x00, 0x00, 0x00, 0x1C, 0x78, 0x00, 0x00, 0x00,
    0x00, 0xF0, 0x00, 0x00, 0x01, 0xE0, 0x00, 0x60, 0xC0, 0x00, 0x00, 0x06,
    0x18, 0x00, 0x00, 0x00, 0x00, 0x07, 0xF0, 0x00, 0x00, 0x00, 0x00, 0xF0,
    0x00, 0x00, 0x01, 0xE0, 0x00, 0x60, 0xC0, 0x00, 0x00, 0x06, 0x18, 0x00,
    0x00, 0x00, 0x00, 0x03, 0xE0, 0x00, 0x00, 0x00, 0x00, 0xF0, 0x00, 0x00,
    0x01, 0xE0, 0x00, 0x60, 0x30, 0x00, 0x00, 0x18, 0x18, 0x00, 0x00, 0x00,
    0x00, 0x00, 0xE0, 0x00, 0x00, 0x00, 0x00, 0xFE, 0x00, 0x00, 0x01, 0xE0,
    0x00, 0x60, 0x30, 0x00, 0x00, 0x18, 0x18, 0x00, 0x00, 0x00, 0x00, 0x00,
    0xE0, 0x00, 0x00, 0x00, 0x00, 0x1F, 0x00, 0x00, 0x01, 0xE0, 0x00, 0x60,
    0x30, 0x00, 0x00, 0x18, 0x18, 0x00, 0x00, 0x00, 0x00, 0x00, 0xE0, 0x00,
    0x00, 0x00, 0x00, 0x1F, 0x00, 0x00, 0x01, 0xE0, 0x00, 0x60, 0x0E, 0x00,
    0x00, 0xE0, 0x18, 0x00, 0x00, 0x00, 0x00, 0x00, 0xE0, 0x00, 0x07, 0x00,
    0x00, 0x1F, 0xE0, 0x00, 0x01, 0xE0, 0x00, 0x60, 0x0E, 0x00, 0x00, 0xE0,
    0x18, 0x00, 0x00, 0x00, 0x00, 0x00, 0xE0, 0x00, 0x0F, 0x00, 0x00, 0x03,
    0xE0, 0x00, 0x01, 0xE0, 0x00, 0x60, 0x01, 0x80, 0x03, 0x00, 0x18, 0x00,
    0x00, 0x00, 0x00, 0x00, 0xE0, 0x00, 0x0F, 0x80, 0x00, 0x03, 0xE0, 0x00,
    0x01, 0xE0, 0x00, 0x60, 0x01, 0x80, 0x03, 0x00, 0x18, 0x00, 0x00, 0x00,
    0x00, 0x00, 0xE0, 0x00, 0x0B, 0x80, 0x00, 0x03, 0xFC, 0x00, 0x01, 0xE0,
    0x00, 0x60, 0x00, 0x70, 0x1E, 0x00, 0x18, 0x00, 0x00, 0x00, 0x00, 0x00,
    0xE0, 0x00, 0x73, 0x80, 0x00, 0x00, 0x3C, 0x00, 0x01, 0xE0, 0x00, 0x60,
    0x00, 0xF0, 0x1D, 0x00, 0x18, 0x00, 0x00, 0x00, 0x00, 0x00, 0xE0, 0x00,
    0x73, 0x80, 0x00, 0x00, 0x3C, 0x00, 0x01, 0xE0, 0x00, 0x60, 0x00, 0xF0,
    0x1D, 0x00, 0x18, 0x00, 0x00, 0x00, 0x00, 0x00, 0xE0, 0x00, 0xF3, 0x80,
    0x00, 0x00, 0x3C, 0x00, 0x01, 0xE0, 0x00, 0x60, 0x02, 0x1F, 0xE0, 0xC0,
    0x18, 0x00, 0x00, 0x00, 0x00, 0x00, 0xE0, 0x00, 0xC3, 0x00, 0x00, 0x00,
    0x3C, 0x00, 0x01, 0xE0, 0x00, 0x60, 0x02, 0x1F, 0xE0, 0xC0, 0x18, 0x00,
    0x00, 0x00, 0x00, 0x00, 0xE0, 0x00, 0xC3, 0x00, 0x00, 0x00, 0x3C, 0x00,
    0x01, 0xE0, 0x00, 0x60, 0x0C, 0x00, 0x00, 0x30, 0x18, 0x00, 0x03, 0xFF,
    0x80, 0x00, 0xE0, 0x60, 0xCC, 0x03, 0x00, 0x00, 0x3C, 0x00, 0x01, 0xE0,
    0x00, 0x60, 0x0C, 0x00, 0x00, 0x30, 0x18, 0x00, 0x03, 0xFF, 0x80, 0x00,
    0xE0, 0x70, 0xCC, 0x0F, 0x00, 0x00, 0x3C, 0x00, 0x01, 0xE0, 0x00, 0x60,
    0x20, 0x00, 0x00, 0x0C, 0x18, 0x00, 0x03, 0x00, 0xE0, 0x00, 0xE0, 0x70,
    0xF8, 0x0F, 0x00, 0x00, 0x3C, 0x00, 0x01, 0xE0, 0x00, 0x60, 0x20, 0x00,
    0x00, 0x0C, 0x18, 0x00, 0x03, 0x00, 0xE0, 0x00, 0xE0, 0x68, 0xF0, 0x3B,
    0x00, 0x00, 0x3C, 0x00, 0x01, 0xE0, 0x00, 0x60, 0x40, 0x00, 0x00, 0x00,
    0x18, 0x00, 0x03, 0x00, 0xE0, 0x00, 0xE0, 0x68, 0xF0, 0x7F, 0x00, 0x00,
    0x3C, 0x00, 0x01, 0xE0, 0x00, 0x60, 0x80, 0x00, 0x00, 0x03, 0x98, 0x00,
    0x03, 0x04, 0xE0, 0x00, 0xE0, 0x3D, 0xC0, 0xF8, 0x00, 0x00, 0x3C, 0x00,
    0x01, 0xE0, 0x00, 0x60, 0x00, 0x00, 0x00, 0x03, 0x98, 0x00, 0x03, 0x00,
    0xE0, 0x00, 0xE0, 0x3D, 0xC0, 0xF8, 0x00, 0x00, 0x3C, 0x00, 0x01, 0xE0,
    0x00, 0x7E, 0x00, 0x00, 0x00, 0x00, 0x78, 0x00, 0x03, 0x00, 0xF8, 0x03,
    0xE0, 0x0F, 0x03, 0xE0, 0x00, 0x00, 0x3C, 0x00, 0x01, 0xE0, 0x00, 0x7E,
    0x00, 0x00, 0x00, 0x03, 0xFF, 0x00, 0x1F, 0x00, 0xF8, 0x03, 0xE0, 0x0F,
    0x03, 0xE0, 0x00, 0x00, 0x3C, 0x00, 0x01, 0xE0, 0x00, 0x3F, 0xFF, 0xFF,
    0xFF, 0xFF, 0xFF, 0x00, 0x1F, 0x20, 0x3F, 0xFF, 0x80, 0x0F, 0x0F, 0xE0,
    0x80, 0x00, 0x3C, 0x00, 0x01, 0xE0, 0x00, 0x1F, 0xFF, 0xFF, 0xFF, 0xFF,
    0xE7, 0xFF, 0xF8, 0x00, 0x1F, 0xFF, 0x07, 0x00, 0x03, 0x9F, 0x00, 0x00,
    0x3C, 0x00, 0x01, 0xE0, 0x00, 0x1F, 0xFF, 0xFF, 0xFF, 0xFF, 0xE7, 0xFF,
    0xF8, 0x00, 0x1F, 0xFF, 0x07, 0x00, 0x03, 0x9F, 0x00, 0x00, 0x3C, 0x00,
    0x01, 0xE0, 0x00, 0x00, 0x00, 0x00, 0x00, 0x00, 0x00, 0x00, 0x00, 0x00,
    0x00, 0x00, 0x00, 0x00, 0x00, 0x00, 0x00, 0x00, 0x3C, 0x00, 0x01, 0xE0,
    0x00, 0x00, 0x00, 0x00, 0x00, 0x00, 0x00, 0x00, 0x00, 0x00, 0x00, 0x00,
    0x00, 0x00, 0x00, 0x00, 0x00, 0x00, 0x3C, 0x00, 0x01, 0xE0, 0x00, 0x00,
    0x00, 0x00, 0x00, 0x00, 0x00, 0x00, 0x00, 0x00, 0x00, 0x00, 0x00, 0x00,
    0x00, 0x00, 0x00, 0x00, 0x3C, 0x00, 0x01, 0xE0, 0x00, 0x00, 0x00, 0x00,
    0x00, 0x00, 0x00, 0x00, 0x00, 0x00, 0x00, 0x00, 0x00, 0x00, 0x00, 0x00,
    0x00, 0x00, 0x3C, 0x00, 0x01, 0xE0, 0x00, 0x00, 0x00, 0x00, 0x00, 0x00,
    0x00, 0x00, 0x00, 0x00, 0x00, 0x00, 0x00, 0x00, 0x00, 0x00, 0x00, 0x00,
    0x3C, 0x00, 0x00, 0x3C, 0x00, 0x00, 0x00, 0x00, 0x00, 0x00, 0x00, 0x00,
    0x00, 0x00, 0x00, 0x00, 0x00, 0x00, 0x00, 0x00, 0x00, 0x03, 0xFC, 0x00,
    0x00, 0x3C, 0x00, 0x00, 0x00, 0x00, 0x00, 0x00, 0x00, 0x00, 0x00, 0x00,
    0x00, 0x00, 0x00, 0x00, 0x00, 0x00, 0x00, 0x03, 0xE0, 0x00, 0x00, 0x3C,
    0x00, 0x00, 0x00, 0x00, 0x00, 0x00, 0x00, 0x00, 0x00, 0x00, 0x00, 0x00,
    0x00, 0x00, 0x00, 0x00, 0x00, 0x03, 0xE0, 0x00, 0x00, 0x3F, 0xC0, 0x00,
    0x00, 0x00, 0x00, 0x00, 0x00, 0x00, 0x00, 0x00, 0x00, 0x00, 0x00, 0x00,
    0x00, 0x00, 0x00, 0x1F, 0xE0, 0x00, 0x00, 0x07, 0xC0, 0x00, 0x00, 0x00,
    0x00, 0x00, 0x00, 0x00, 0x00, 0x00, 0x00, 0x00, 0x00, 0x00, 0x00, 0x00,
    0x00, 0x1F, 0x00, 0x00, 0x00, 0x07, 0xC0, 0x00, 0x00, 0x00, 0x00, 0x00,
    0x00, 0x00, 0x00, 0x00, 0x00, 0x00, 0x00, 0x00, 0x00, 0x00, 0x00, 0x1F,
    0x00, 0x00, 0x00, 0x07, 0xC0, 0x00, 0x00, 0x00, 0x00, 0x00, 0x00, 0x00,
    0x00, 0x00, 0x00, 0x00, 0x00, 0x00, 0x00, 0x00, 0x00, 0x1F, 0x00, 0x00,
    0x00, 0x00, 0xFF, 0xFF, 0xFF, 0xFF, 0xFF, 0xFF, 0xFF, 0xFF, 0xFF, 0xFF,
    0xFF, 0xFF, 0xFF, 0xFF, 0xFF, 0xFF, 0xFF, 0xF0, 0x00, 0x00, 0x00, 0x00,
    0xFF, 0xFF, 0xFF, 0xFF, 0xFF, 0xFF, 0xFF, 0xFF, 0xFF, 0xFF, 0xFF, 0xFF,
    0xFF, 0xFF, 0xFF, 0xFF, 0xFF, 0xF0, 0x00, 0x00, 0x00, 0x00, 0xFF, 0xFF,
    0xFF, 0xFF, 0xFF, 0xFF, 0xFF, 0xFF, 0xFF, 0xFF, 0xFF, 0xFF, 0xFF, 0xFF,
    0xFF, 0xFF, 0xFF, 0xF0, 0x00, 0x00, 0x00, 0x00, 0x00, 0x00, 0x00, 0x00,
    0x00, 0x00, 0x00, 0x00, 0x00, 0x00, 0x00, 0x00, 0x00, 0x00, 0x00, 0x00,
    0x00, 0x00, 0x00, 0x00, 0x00, 0x00, 0x00, 0x00, 0x00, 0x00, 0x00, 0x00,
    0x00, 0x00, 0x00, 0x00, 0x00, 0x00, 0x00, 0x00, 0x00, 0x00, 0x00, 0x00,
    0x00, 0x00, 0x00, 0x00, 0x00, 0x00, 0x00, 0x00, 0x00, 0x00, 0x00, 0x00,
    0x00, 0x00, 0x00, 0x00, 0x00, 0x00, 0x00, 0x00, 0x00, 0x00, 0x00, 0x00,
    0x00, 0x00, 0x00, 0x00, 0x00, 0x00, 0x00, 0x00, 0x00, 0x00, 0x00, 0x00,
    0x00, 0x00, 0x00, 0x00, 0x00, 0x00, 0x00, 0x00, 0x00, 0x00, 0x00, 0x00,
    0x00, 0x00, 0x00, 0x00, 0x00, 0x00, 0x00, 0x00, 0x00, 0x00, 0x00, 0x00,
    0x00, 0x00, 0x00, 0x00, 0x00, 0x00, 0x00, 0x00,
};

constexpr AppLauncherStickerAsset kStatusAsset = {
    {176, 176, kStatusGrayData},
    {176, 176, kStatusBlackData},
};

constexpr uint8_t kAnswersGrayData[] = {
    0x00, 0x00, 0x00, 0x00, 0x00, 0x00, 0x00, 0x00, 0x00, 0x00, 0x00, 0x00,
    0x00, 0x00, 0x00, 0x00, 0x00, 0x00, 0x00, 0x00, 0x00, 0x00, 0x00, 0x00,
    0x00, 0x00, 0x00, 0x00, 0x00, 0x00, 0x00, 0x00, 0x00, 0x00, 0x00, 0x00,
    0x00, 0x00, 0x00, 0x00, 0x00, 0x00, 0x00, 0x00, 0x00, 0x00, 0x00, 0x00,
    0x00, 0x00, 0x00, 0x00, 0x00, 0x00, 0x00, 0x00, 0x00, 0x00, 0x00, 0x00,
    0x00, 0x00, 0x00, 0x00, 0x00, 0x00, 0x00, 0x00, 0x00, 0x00, 0x00, 0x00,
    0x00, 0x00, 0x00, 0x00, 0x00, 0x00, 0x00, 0x00, 0x00, 0x00, 0x00, 0x00,
    0x00, 0x00, 0x00, 0x00, 0x00, 0x00, 0x00, 0x00, 0x00, 0x00, 0x00, 0x00,
    0x00, 0x00, 0x00, 0x00, 0x00, 0x00, 0x00, 0x00, 0x00, 0x00, 0x00, 0x00,
    0x00, 0x00, 0x00, 0x00, 0x00, 0x00, 0x00, 0x00, 0x00, 0x00, 0x00, 0x00,
    0x00, 0x00, 0x00, 0x00, 0x00, 0x00, 0x00, 0x00, 0x00, 0x00, 0x00, 0x00,
    0x00, 0x00, 0x00, 0x00, 0x00, 0x00, 0x00, 0x00, 0x00, 0x00, 0x00, 0x00,
    0x00, 0x00, 0x00, 0x00, 0x00, 0x00, 0x00, 0x00, 0x00, 0x00, 0x00, 0x00,
    0x00, 0x00, 0x00, 0x00, 0x00, 0x00, 0x00, 0x00, 0x00, 0x00, 0x00, 0x00,
    0x00, 0x00, 0x00, 0x00, 0x00, 0x00, 0x00, 0x00, 0x00, 0x00, 0x00, 0x00,
    0x00, 0x00, 0x00, 0x00, 0x00, 0x00, 0x00, 0x00, 0x00, 0x00, 0x00, 0x00,
    0x00, 0x00, 0x00, 0x00, 0x00, 0x00, 0x00, 0x00, 0x00, 0x00, 0x00, 0x00,
    0x00, 0x00, 0x00, 0x00, 0x00, 0x00, 0x00, 0x00, 0x00, 0x00, 0x04, 0x00,
    0x00, 0x00, 0x00, 0x00, 0x00, 0x00, 0x00, 0x00, 0x00, 0x00, 0x00, 0x00,
    0x00, 0x00, 0x00, 0x00, 0x00, 0x00, 0x00, 0x00, 0x00, 0x00, 0x00, 0x00,
    0x00, 0x00, 0x00, 0x00, 0x00, 0x00, 0x00, 0x00, 0x00, 0x00, 0x00, 0x00,
    0x00, 0x00, 0x00, 0x00, 0x00, 0x00, 0x00, 0x00, 0x00, 0x00, 0x00, 0x00,
    0x00, 0x00, 0x00, 0x00, 0x00, 0x43, 0x00, 0x00, 0x00, 0x00, 0x00, 0x01,
    0x00, 0x00, 0x00, 0x40, 0x08, 0x20, 0x00, 0x00, 0x00, 0x00, 0x00, 0x00,
    0x00, 0x00, 0x00, 0x40, 0x00, 0x00, 0x00, 0x00, 0x00, 0x00, 0x00, 0x00,
    0x00, 0x40, 0x00, 0x20, 0x00, 0x00, 0x00, 0x00, 0x00, 0x00, 0x00, 0x00,
    0x00, 0x00, 0x00, 0x00, 0x00, 0x00, 0x00, 0x00, 0x02, 0x00, 0x00, 0x40,
    0x07, 0x00, 0x00, 0x00, 0x00, 0x00, 0x00, 0x00, 0x00, 0x00, 0x00, 0x00,
    0x00, 0x00, 0x00, 0x00, 0x00, 0x00, 0x42, 0x00, 0x00, 0x00, 0x00, 0x00,
    0x00, 0x00, 0x00, 0x00, 0x00, 0x00, 0x00, 0x00, 0x00, 0x00, 0x00, 0x00,
    0x00, 0x00, 0x00, 0x00, 0x00, 0x00, 0x00, 0x00, 0x00, 0x00, 0x00, 0x00,
    0x00, 0x00, 0x00, 0x00, 0x00, 0x00, 0x00, 0x00, 0x00, 0x00, 0x00, 0x00,
    0x00, 0x00, 0x00, 0x00, 0x00, 0x00, 0x00, 0x00, 0x00, 0x00, 0x00, 0x00,
    0x00, 0x00, 0x00, 0x00, 0x00, 0x00, 0x00, 0x00, 0x00, 0x00, 0x00, 0x00,
    0x00, 0x00, 0x00, 0x00, 0x00, 0x03, 0x00, 0x00, 0x00, 0x00, 0x00, 0x00,
    0x00, 0x00, 0x00, 0x00, 0x03, 0x36, 0xD6, 0xED, 0x9B, 0x00, 0x00, 0x00,
    0x00, 0x00, 0x00, 0x08, 0x00, 0x00, 0x00, 0x00, 0x00, 0x00, 0x00, 0x00,
    0x00, 0x00, 0x03, 0x36, 0xD6, 0xED, 0x9B, 0x00, 0x00, 0x00, 0x00, 0x00,
    0x00, 0x00, 0x00, 0x00, 0x00, 0x00, 0x00, 0x00, 0x00, 0x00, 0x00, 0x80,
    0x00, 0x00, 0x00, 0x00, 0x00, 0x00, 0x00, 0x00, 0x00, 0x00, 0x00, 0x06,
    0x00, 0x00, 0x00, 0x00, 0x00, 0x00, 0x00, 0x00, 0x00, 0x00, 0x00, 0x00,
    0x00, 0x00, 0x00, 0x00, 0x00, 0x00, 0x00, 0x00, 0x00, 0x00, 0x00, 0x00,
    0x00, 0x00, 0x00, 0x00, 0x00, 0x00, 0x00, 0x00, 0x1B, 0x36, 0xD6, 0xED,
    0x9B, 0x60, 0x00, 0x00, 0x00, 0x00, 0x80, 0x00, 0x00, 0x00, 0x00, 0x00,
    0x00, 0x00, 0x00, 0x00, 0x00, 0x00, 0x1B, 0x36, 0xD6, 0xED, 0x9B, 0x60,
    0x00, 0x00, 0x00, 0x00, 0x80, 0x00, 0x00, 0x00, 0x00, 0x00, 0x00, 0x00,
    0x00, 0x00, 0x00, 0x00, 0x60, 0x00, 0x00, 0x00, 0x00, 0x00, 0x00, 0x00,
    0x00, 0x00, 0x80, 0x00, 0x00, 0x00, 0x00, 0x00, 0x00, 0x00, 0x00, 0x00,
    0x00, 0x00, 0x60, 0x00, 0x00, 0x00, 0x00, 0x00, 0x00, 0x00, 0x00, 0x00,
    0x00, 0x00, 0x00, 0x00, 0x00, 0x00, 0x00, 0x00, 0x00, 0x00, 0x00, 0x00,
    0x7B, 0x36, 0xD6, 0xED, 0x9B, 0x30, 0x00, 0x00, 0x00, 0x08, 0x00, 0x00,
    0x00, 0x00, 0x00, 0x00, 0x00, 0x00, 0x00, 0x00, 0x00, 0x03, 0x66, 0x46,
    0xD6, 0xED, 0x9B, 0x36, 0x33, 0x37, 0x6D, 0x90, 0x03, 0x00, 0x00, 0x00,
    0x00, 0x00, 0x00, 0x00, 0x00, 0x00, 0x00, 0x03, 0x66, 0x4E, 0xD6, 0xED,
    0x9B, 0x36, 0x33, 0x37, 0x6D, 0x83, 0x0B, 0x00, 0x00, 0x00, 0x00, 0x00,
    0x00, 0x00, 0x00, 0x00, 0x00, 0x00, 0x00, 0x00, 0x00, 0x00, 0x00, 0x00,
    0x00, 0x00, 0x00, 0x00, 0x08, 0x00, 0x00, 0x00, 0x00, 0x00, 0x00, 0x00,
    0x00, 0x00, 0x00, 0x03, 0x66, 0x48, 0x02, 0xED, 0x9B, 0x37, 0x3B, 0x37,
    0x68, 0x00, 0x00, 0x80, 0x00, 0x00, 0x00, 0x00, 0x00, 0x00, 0x00, 0x00,
    0x00, 0x03, 0x66, 0x48, 0x02, 0xED, 0x9B, 0x37, 0x3B, 0x37, 0x68, 0x00,
    0x00, 0x80, 0x00, 0x00, 0x00, 0x00, 0x00, 0x00, 0x00, 0x00, 0x00, 0x00,
    0x00, 0x00, 0x0E, 0x00, 0x00, 0x00, 0x00, 0x00, 0x03, 0x80, 0x00, 0x80,
    0x00, 0x00, 0x00, 0x00, 0x00, 0x00, 0x00, 0x00, 0x00, 0x00, 0x00, 0x02,
    0x00, 0x00, 0x00, 0x01, 0x00, 0x00, 0x00, 0x00, 0x08, 0x00, 0x00, 0x00,
    0x00, 0x00, 0x00, 0x00, 0x00, 0x00, 0x10, 0x03, 0x6D, 0x42, 0x01, 0xBD,
    0x9B, 0x34, 0x1B, 0x37, 0x6D, 0xB3, 0x1D, 0x80, 0x00, 0x00, 0x00, 0x00,
    0x00, 0x00, 0x00, 0x00, 0x00, 0x03, 0x6D, 0x48, 0x00, 0x35, 0x9B, 0x34,
    0x1B, 0x37, 0x6D, 0xA0, 0x0D, 0x80, 0x00, 0x00, 0x00, 0x00, 0x00, 0x00,
    0x00, 0x70, 0x00, 0x00, 0x00, 0x08, 0x00, 0x30, 0x00, 0x00, 0x00, 0x00,
    0x00, 0x00, 0x0D, 0x80, 0x00, 0x00, 0x00, 0x00, 0x00, 0x00, 0x00, 0x42,
    0x00, 0x00, 0x01, 0x00, 0x00, 0x00, 0x00, 0x00, 0x00, 0x00, 0x00, 0x00,
    0x80, 0x00, 0x00, 0x00, 0x00, 0x00, 0x00, 0x00, 0x00, 0x42, 0x00, 0x03,
    0x6D, 0x00, 0x00, 0x35, 0x9B, 0x36, 0x0B, 0x36, 0xE9, 0x90, 0xAD, 0x80,
    0x00, 0x00, 0x00, 0x00, 0x00, 0x00, 0x00, 0x00, 0x00, 0x03, 0x6D, 0x00,
    0x00, 0x35, 0x9B, 0x30, 0xC3, 0x36, 0xE9, 0x90, 0xAD, 0x80, 0x04, 0x00,
    0x00, 0x00, 0x00, 0x00, 0x00, 0x00, 0x00, 0x00, 0x01, 0x00, 0x00, 0x00,
    0x00, 0x01, 0x00, 0x00, 0x00, 0x00, 0x80, 0x00, 0x01, 0x00, 0x00, 0x00,
    0x00, 0x00, 0x00, 0x00, 0x00, 0x00, 0x01, 0x00, 0x00, 0x00, 0x00, 0x01,
    0x00, 0x00, 0x00, 0x00, 0x80, 0x00, 0x01, 0x00, 0x00, 0x00, 0x00, 0x00,
    0x00, 0x00, 0x00, 0x33, 0x6C, 0x00, 0x00, 0x35, 0x9A, 0x00, 0x00, 0x77,
    0x6D, 0x93, 0x35, 0x80, 0x00, 0x00, 0x00, 0x00, 0x00, 0x00, 0x00, 0x00,
    0x00, 0x33, 0x6C, 0x00, 0x00, 0x35, 0x9A, 0x00, 0x00, 0x77, 0x6D, 0x90,
    0x35, 0x80, 0x00, 0x00, 0x00, 0x00, 0x00, 0x00, 0x00, 0x00, 0x00, 0x00,
    0x01, 0x00, 0x00, 0x25, 0x9B, 0x01, 0x00, 0x04, 0x40, 0x02, 0x34, 0x00,
    0x06, 0x00, 0x00, 0x00, 0x00, 0x00, 0x00, 0x00, 0x01, 0x00, 0x01, 0x00,
    0x00, 0x00, 0x00, 0x01, 0x00, 0x00, 0x00, 0x03, 0x00, 0x00, 0x00, 0x00,
    0x00, 0x00, 0x00, 0x00, 0x00, 0x00, 0x01, 0x01, 0xAD, 0x00, 0x00, 0x35,
    0x9B, 0x30, 0x03, 0x37, 0x6D, 0x93, 0x37, 0xA0, 0x00, 0x18, 0x00, 0x00,
    0x00, 0x00, 0x00, 0x00, 0x00, 0x00, 0x2D, 0x00, 0x00, 0x35, 0x9B, 0x30,
    0x03, 0x37, 0x6D, 0x93, 0x35, 0xA0, 0x00, 0x00, 0x00, 0x00, 0x00, 0x00,
    0x00, 0x00, 0x00, 0x00, 0x61, 0x00, 0x00, 0x00, 0x00, 0x00, 0x00, 0x00,
    0x00, 0x03, 0x00, 0x00, 0x00, 0x00, 0x00, 0x00, 0x00, 0x00, 0x00, 0x00,
    0x00, 0x00, 0x81, 0x00, 0x00, 0x00, 0x00, 0x00, 0x00, 0x00, 0x00, 0x03,
    0x00, 0x00, 0x00, 0x00, 0x00, 0x00, 0x00, 0x00, 0x00, 0x00, 0x00, 0x00,
    0x8D, 0x00, 0x00, 0x35, 0x9B, 0x34, 0x0B, 0x37, 0x6D, 0xB3, 0x37, 0x30,
    0x00, 0x00, 0x00, 0x00, 0x00, 0x00, 0x00, 0x00, 0x00, 0x00, 0x85, 0x00,
    0x00, 0x35, 0x9B, 0x34, 0x1B, 0x37, 0x6D, 0x02, 0x34, 0x10, 0x00, 0x00,
    0xC0, 0x00, 0x00, 0x00, 0x00, 0x00, 0x00, 0x00, 0x01, 0x00, 0x00, 0x00,
    0x00, 0x04, 0x00, 0x00, 0x01, 0x13, 0x00, 0x80, 0x00, 0x00, 0x00, 0x00,
    0x00, 0x00, 0x00, 0x00, 0x00, 0x00, 0x05, 0x00, 0x00, 0x00, 0x00, 0x06,
    0x00, 0x00, 0x01, 0x83, 0x00, 0x00, 0x00, 0x07, 0x00, 0x00, 0x00, 0x00,
    0x00, 0x00, 0x00, 0x00, 0x01, 0x00, 0x00, 0x35, 0x9B, 0x34, 0x37, 0x37,
    0x6D, 0x93, 0x37, 0x91, 0x00, 0x01, 0x00, 0x00, 0x00, 0x00, 0x00, 0x00,
    0x00, 0x00, 0x01, 0x00, 0x00, 0x35, 0x9B, 0x37, 0x67, 0x37, 0x6C, 0x13,
    0x37, 0x61, 0x18, 0x01, 0x00, 0x00, 0x00, 0x00, 0x00, 0x00, 0x00, 0x00,
    0x00, 0x00, 0x00, 0x35, 0x93, 0x27, 0x66, 0x37, 0x6D, 0x93, 0x35, 0x60,
    0x58, 0x01, 0x00, 0x00, 0x00, 0x00, 0x00, 0x00, 0x00, 0x00, 0x00, 0x00,
    0x00, 0x00, 0x00, 0x00, 0x00, 0x00, 0x01, 0x83, 0x00, 0x00, 0x00, 0x01,
    0x00, 0x00, 0x00, 0x00, 0x00, 0x00, 0x00, 0x00, 0x00, 0x00, 0x00, 0x6D,
    0x9B, 0x37, 0x66, 0xB7, 0x6B, 0xD3, 0x37, 0x06, 0x30, 0x01, 0x00, 0x00,
    0x00, 0x00, 0x00, 0x00, 0x00, 0x00, 0x02, 0x08, 0x00, 0x0D, 0x9B, 0x37,
    0x66, 0x37, 0x68, 0x93, 0x37, 0x04, 0x00, 0x01, 0x00, 0x00, 0x00, 0x00,
    0x00, 0x00, 0x00, 0x00, 0x02, 0x08, 0x03, 0x80, 0x00, 0x00, 0x00, 0x00,
    0x00, 0x00, 0x00, 0x00, 0x00, 0x01, 0x00, 0x00, 0x00, 0x00, 0x00, 0x00,
    0x00, 0x00, 0x00, 0x00, 0x00, 0xE0, 0x00, 0x00, 0x00, 0x00, 0x00, 0x02,
    0x00, 0x00, 0x00, 0x01, 0x00, 0x00, 0x00, 0x00, 0x00, 0x00, 0x20, 0x00,
    0x00, 0x00, 0x00, 0x01, 0x9B, 0x37, 0x64, 0x37, 0x69, 0x93, 0x36, 0x41,
    0x17, 0x01, 0x00, 0x00, 0x00, 0x00, 0x00, 0x00, 0x00, 0x00, 0x00, 0x00,
    0x00, 0x00, 0x1B, 0x37, 0x66, 0x37, 0x69, 0x92, 0x34, 0xD1, 0x30, 0x01,
    0x00, 0x00, 0x00, 0x00, 0x00, 0x00, 0x20, 0x00, 0x00, 0x00, 0x00, 0x00,
    0x00, 0x00, 0x00, 0x00, 0x00, 0x00, 0x00, 0x01, 0x57, 0x01, 0x00, 0x00,
    0x00, 0x00, 0x00, 0x00, 0x20, 0x00, 0x00, 0x00, 0x00, 0x00, 0x03, 0x37,
    0x67, 0x37, 0x69, 0xBB, 0x37, 0x01, 0x57, 0x01, 0x00, 0x00, 0x00, 0x00,
    0x00, 0x00, 0x00, 0x00, 0x00, 0x00, 0x00, 0x00, 0x03, 0x37, 0x66, 0x00,
    0x09, 0xB3, 0x37, 0x10, 0x00, 0x01, 0x00, 0x00, 0x00, 0x00, 0x00, 0x00,
    0x00, 0x00, 0x00, 0x00, 0x00, 0x00, 0x00, 0x00, 0x04, 0x00, 0x00, 0x00,
    0x00, 0x10, 0x01, 0x01, 0x00, 0x00, 0x00, 0x00, 0x18, 0x00, 0x66, 0x00,
    0x00, 0x00, 0x00, 0x00, 0x03, 0x37, 0x63, 0x37, 0x6D, 0x93, 0x37, 0x76,
    0x57, 0x01, 0x00, 0x00, 0x00, 0x00, 0x00, 0x00, 0x66, 0x80, 0x00, 0x00,
    0x00, 0x00, 0x03, 0x37, 0x67, 0x37, 0x6D, 0x9B, 0x37, 0x77, 0x57, 0x01,
    0x00, 0x00, 0x00, 0x00, 0x00, 0x00, 0x00, 0x80, 0x00, 0x00, 0x00, 0x00,
    0x00, 0x00, 0x00, 0x00, 0x00, 0x00, 0x00, 0x00, 0x00, 0x01, 0x00, 0x00,
    0x00, 0x00, 0x00, 0x01, 0x66, 0x64, 0x00, 0x00, 0x00, 0x00, 0x00, 0x20,
    0x00, 0x03, 0x40, 0x00, 0x03, 0x36, 0x40, 0x01, 0x00, 0x00, 0x00, 0x00,
    0x00, 0x01, 0x66, 0x24, 0x00, 0x00, 0x00, 0x00, 0x00, 0x37, 0x26, 0xB0,
    0x00, 0x00, 0x00, 0x36, 0x53, 0x01, 0x00, 0x00, 0x00, 0x00, 0x00, 0x03,
    0x66, 0x64, 0x00, 0x00, 0x00, 0x00, 0x00, 0x37, 0x66, 0xB0, 0x00, 0x00,
    0x00, 0x36, 0x53, 0x01, 0x00, 0x00, 0x00, 0x00, 0x00, 0x00, 0x00, 0x04,
    0x00, 0x00, 0x00, 0x00, 0x00, 0x00, 0x00, 0x00, 0x00, 0x00, 0x00, 0x80,
    0x00, 0x01, 0x08, 0x00, 0x00, 0x00, 0x00, 0x06, 0x66, 0x0C, 0x00, 0x00,
    0x00, 0x00, 0x00, 0x37, 0x66, 0x00, 0x00, 0x00, 0x00, 0x07, 0x53, 0x01,
    0x08, 0x00, 0x00, 0x00, 0x00, 0x06, 0x61, 0x00, 0x00, 0x00, 0x00, 0x00,
    0x00, 0x07, 0x66, 0x00, 0x00, 0x00, 0x00, 0x07, 0x53, 0x00, 0x00, 0x00,
    0x00, 0x00, 0x00, 0x00, 0x07, 0x00, 0x00, 0x00, 0x00, 0x00, 0x00, 0x00,
    0x60, 0x00, 0x00, 0x00, 0x00, 0x08, 0x00, 0x00, 0x00, 0x00, 0x00, 0x00,
    0x00, 0x00, 0x06, 0x00, 0x00, 0x00, 0x00, 0x00, 0x00, 0x33, 0x60, 0x20,
    0x0F, 0xFF, 0x00, 0x02, 0x00, 0x00, 0x38, 0x00, 0x00, 0x00, 0x00, 0x36,
    0x00, 0x00, 0x00, 0x00, 0x00, 0x00, 0x00, 0x00, 0x02, 0x20, 0x07, 0x7F,
    0xE0, 0x01, 0x5B, 0x00, 0x00, 0x00, 0x00, 0x00, 0x00, 0x10, 0x00, 0x00,
    0x00, 0x00, 0x00, 0x00, 0x00, 0x37, 0x64, 0x00, 0x3F, 0xFF, 0xF0, 0x00,
    0xDB, 0x00, 0x00, 0x00, 0x00, 0x00, 0x00, 0x07, 0x61, 0x00, 0x00, 0x00,
    0x00, 0x00, 0x00, 0x37, 0x60, 0x00, 0xFF, 0xFF, 0xDC, 0x00, 0x18, 0x00,
    0x00, 0x00, 0x00, 0x10, 0x00, 0x00, 0x01, 0x00, 0x00, 0x00, 0x00, 0x00,
    0x00, 0x00, 0x00, 0x01, 0xED, 0xCC, 0x9C, 0x00, 0x00, 0x00, 0x01, 0x80,
    0x00, 0x00, 0x00, 0x00, 0x01, 0x00, 0x00, 0x00, 0x00, 0x00, 0x00, 0x00,
    0x00, 0x07, 0xFB, 0xF3, 0xFF, 0x00, 0x00, 0x00, 0x00, 0x00, 0x00, 0x00,
    0x01, 0xB7, 0x61, 0x00, 0x00, 0x00, 0x00, 0x00, 0x00, 0x37, 0x40, 0x06,
    0xC0, 0xB3, 0xB7, 0xC0, 0x03, 0x00, 0x00, 0x00, 0x00, 0x00, 0x01, 0xB7,
    0x61, 0x00, 0x00, 0x00, 0x00, 0x00, 0x00, 0x33, 0x40, 0x1F, 0xC0, 0xFF,
    0xFF, 0xE0, 0x03, 0x48, 0x00, 0x00, 0x00, 0x00, 0x00, 0x00, 0x01, 0x00,
    0x00, 0x00, 0x00, 0x00, 0x00, 0x10, 0x00, 0x0B, 0x00, 0x7C, 0xA4, 0xE0,
    0x00, 0x00, 0x00, 0x00, 0x00, 0x00, 0x01, 0xA6, 0x61, 0x00, 0x00, 0x00,
    0x00, 0x00, 0x00, 0x16, 0x00, 0x1F, 0x00, 0x4C, 0xFC, 0xA0, 0x05, 0x80,
    0x00, 0x00, 0x00, 0x00, 0x0D, 0xB7, 0x61, 0x00, 0x00, 0x00, 0x00, 0x00,
    0x00, 0x16, 0x00, 0xE0, 0x00, 0x2F, 0xFF, 0xB8, 0x05, 0xA9, 0x80, 0x00,
    0x00, 0x00, 0x0D, 0xB7, 0x61, 0x00, 0x00, 0x00, 0x00, 0x00, 0x00, 0x10,
    0x00, 0xE0, 0x00, 0x2F, 0xBB, 0xB8, 0x05, 0xA9, 0x80, 0x00, 0x00, 0x00,
    0x00, 0x00, 0x01, 0x00, 0x00, 0x00, 0x00, 0x00, 0x00, 0x16, 0x03, 0xE0,
    0x00, 0x33, 0x36, 0xEC, 0x04, 0x00, 0x00, 0x00, 0x00, 0x00, 0x0D, 0xB7,
    0x61, 0x00, 0x00, 0x00, 0x00, 0x00, 0x07, 0x16, 0x03, 0xF0, 0x00, 0x37,
    0xFE, 0xEE, 0x05, 0x69, 0x80, 0x00, 0x00, 0x00, 0x0D, 0xB7, 0x61, 0x00,
    0x00, 0x00, 0x00, 0x00, 0x00, 0x10, 0x03, 0xB0, 0x00, 0x46, 0xFD, 0xFF,
    0x05, 0x69, 0x80, 0x00, 0x00, 0x00, 0x00, 0x00, 0x01, 0x00, 0x00, 0x00,
    0x00, 0x00, 0x00, 0x10, 0x02, 0xE0, 0x00, 0x03, 0xFE, 0xF7, 0x00, 0x00,
    0x00, 0x00, 0x00, 0x10, 0x00, 0x00, 0x01, 0x00, 0x00, 0x00, 0x00, 0x00,
    0x00, 0x14, 0x02, 0xE0, 0x00, 0x03, 0xBE, 0xF7, 0x00, 0x60, 0x00, 0x00,
    0x00, 0x00, 0x01, 0xB7, 0x60, 0x00, 0x00, 0x00, 0x00, 0x00, 0x00, 0x10,
    0x03, 0xF0, 0x01, 0x83, 0xE7, 0xEF, 0xC0, 0x61, 0x80, 0x00, 0x00, 0x00,
    0x01, 0xB7, 0x60, 0x00, 0x00, 0x00, 0x00, 0x00, 0x00, 0x40, 0x0F, 0x98,
    0x01, 0x03, 0xFF, 0xFF, 0x80, 0x69, 0x80, 0x00, 0x00, 0x00, 0x00, 0x00,
    0x00, 0x00, 0x00, 0x00, 0x00, 0x00, 0x10, 0x40, 0x0D, 0x97, 0x03, 0x80,
    0xB6, 0xB7, 0x80, 0x00, 0x00, 0x00, 0x00, 0x00, 0x01, 0xB7, 0x66, 0x00,
    0x00, 0x00, 0x00, 0x00, 0x00, 0x40, 0x0F, 0xFF, 0xED, 0x00, 0xBF, 0xFD,
    0xC0, 0x69, 0x80, 0x00, 0x00, 0x00, 0x01, 0xB7, 0x66, 0x00, 0x00, 0x00,
    0x00, 0x00, 0x00, 0x10, 0x0F, 0xFF, 0xFC, 0x00, 0xBF, 0xFF, 0xC0, 0x69,
    0x80, 0x00, 0x00, 0x00, 0x00, 0x00, 0x00, 0x00, 0x00, 0x00, 0x00, 0x00,
    0x60, 0x00, 0x0C, 0x9D, 0x08, 0x00, 0x04, 0x2D, 0xC0, 0x00, 0x00, 0x00,
    0x00, 0x00, 0x00, 0x00, 0x00, 0x00, 0x00, 0x00, 0x00, 0x00, 0x00, 0x00,
    0x0C, 0x91, 0x00, 0x00, 0x44, 0x2D, 0x80, 0x00, 0x00, 0x00, 0x00, 0x00,
    0x01, 0xB7, 0x66, 0x04, 0x00, 0x00, 0x00, 0x00, 0x00, 0x30, 0x0E, 0xFF,
    0xC0, 0x40, 0x07, 0xF7, 0x80, 0x69, 0x80, 0x00, 0x00, 0x00, 0x01, 0xB7,
    0x67, 0x84, 0x00, 0x00, 0x00, 0x00, 0x01, 0x30, 0x0F, 0xFF, 0xC0, 0x00,
    0x07, 0xFF, 0x80, 0x69, 0x80, 0x00, 0x00, 0x00, 0x00, 0x00, 0x00, 0x00,
    0x00, 0x00, 0x00, 0x00, 0x00, 0x00, 0x0F, 0x95, 0x00, 0x00, 0x07, 0x9D,
    0xC0, 0x00, 0x00, 0x00, 0x00, 0x00, 0x00, 0x00, 0x02, 0x00, 0x00, 0x00,
    0x00, 0x00, 0x00, 0x04, 0x0C, 0x95, 0x00, 0x00, 0x04, 0x9D, 0xC0, 0x00,
    0x00, 0x00, 0x00, 0x00, 0x01, 0xB6, 0x60, 0xE0, 0x00, 0x00, 0x00, 0x02,
    0x01, 0x34, 0x0F, 0xFF, 0xFA, 0x00, 0x3B, 0xFF, 0x80, 0x69, 0x80, 0x00,
    0x00, 0x00, 0x01, 0xB7, 0x60, 0x00, 0x00, 0x00, 0x00, 0x00, 0x03, 0x34,
    0x03, 0xB7, 0xFC, 0x00, 0xFB, 0xB7, 0x00, 0x61, 0x80, 0x00, 0x00, 0x00,
    0x00, 0x00, 0x00, 0x00, 0x00, 0x00, 0x00, 0x00, 0x8B, 0x00, 0x03, 0xFF,
    0xFF, 0x06, 0xFF, 0xFF, 0x00, 0x01, 0x80, 0x00, 0x00, 0x00, 0x00, 0x00,
    0x00, 0x00, 0x00, 0x00, 0x00, 0x01, 0x80, 0x00, 0x02, 0xE4, 0xDA, 0x00,
    0xF6, 0xF7, 0x08, 0x00, 0x00, 0x00, 0x00, 0x00, 0x01, 0xB6, 0x00, 0x00,
    0x00, 0x00, 0x80, 0x04, 0x23, 0x30, 0x03, 0xF7, 0xBD, 0x43, 0x3F, 0x9F,
    0x04, 0x61, 0x80, 0x00, 0x00, 0x00, 0x00, 0x36, 0x10, 0x00, 0x00, 0x04,
    0x7C, 0x00, 0x23, 0x36, 0x00, 0x9D, 0xFF, 0x00, 0xE7, 0xFC, 0x05, 0x69,
    0x80, 0x00, 0x00, 0x00, 0x01, 0x80, 0x00, 0x00, 0x00, 0x04, 0x00, 0x60,
    0x00, 0x00, 0x00, 0xDD, 0xBB, 0x02, 0xE6, 0xEC, 0x04, 0x01, 0x80, 0x00,
    0x00, 0x00, 0x01, 0x84, 0x60, 0x00, 0x00, 0x00, 0x00, 0x78, 0x40, 0x00,
    0x21, 0xFF, 0xFF, 0xBF, 0xFF, 0xFC, 0x04, 0x00, 0x00, 0x00, 0x00, 0x00,
    0x00, 0x34, 0x00, 0x00, 0x00, 0x00, 0x00, 0x7C, 0x1B, 0x36, 0x00, 0xB7,
    0x6E, 0x4F, 0xA5, 0x98, 0x05, 0xA9, 0x80, 0x00, 0x00, 0x00, 0x01, 0xB8,
    0x00, 0x00, 0x00, 0x00, 0x00, 0x1F, 0x1B, 0x36, 0x10, 0x7F, 0xFF, 0xEE,
    0xEF, 0xF8, 0x0D, 0xA9, 0x80, 0x00, 0x00, 0x10, 0x01, 0x88, 0x00, 0x00,
    0x00, 0x00, 0x00, 0x1D, 0x00, 0x00, 0x00, 0x1B, 0xFB, 0xDF, 0xE7, 0x60,
    0x10, 0x00, 0x00, 0x00, 0x00, 0x10, 0x00, 0x08, 0x00, 0x00, 0x00, 0x00,
    0x00, 0x1F, 0x00, 0x00, 0x40, 0x1F, 0x3F, 0xFF, 0xFF, 0xE0, 0x10, 0x00,
    0x00, 0x00, 0x00, 0x30, 0x00, 0x80, 0x00, 0x00, 0x00, 0x00, 0x00, 0x07,
    0xA3, 0x37, 0x00, 0x07, 0xFF, 0xFF, 0x3F, 0x00, 0x03, 0x69, 0x80, 0x00,
    0x00, 0x00, 0x01, 0x80, 0x00, 0x00, 0x00, 0x00, 0x00, 0x07, 0x83, 0x24,
    0x40, 0x04, 0xCB, 0x6C, 0x26, 0x00, 0x07, 0x69, 0x80, 0x00, 0x00, 0x40,
    0x00, 0x20, 0x00, 0x00, 0x00, 0x00, 0x00, 0x07, 0xE0, 0x00, 0x08, 0x81,
    0xFF, 0xFF, 0xFF, 0x00, 0x40, 0x00, 0x00, 0x00, 0x01, 0x00, 0x01, 0xA0,
    0x00, 0x00, 0x00, 0x00, 0x00, 0x04, 0xC3, 0x37, 0x60, 0x80, 0x1D, 0xCF,
    0xE0, 0x00, 0x1B, 0x60, 0x00, 0x00, 0x00, 0x00, 0x01, 0xA0, 0x00, 0x00,
    0x20, 0x00, 0x00, 0x07, 0xE3, 0x37, 0x60, 0x10, 0x1F, 0xFF, 0xE0, 0x00,
    0x9B, 0x69, 0x80, 0x00, 0x00, 0x00, 0x04, 0x00, 0x00, 0x00, 0x20, 0x00,
    0x00, 0x07, 0x20, 0x00, 0x00, 0x00, 0x03, 0xFE, 0x00, 0x00, 0x00, 0x09,
    0x80, 0x00, 0x00, 0x00, 0x04, 0x00, 0x00, 0x00, 0x20, 0x00, 0x00, 0x07,
    0x20, 0x00, 0x00, 0x04, 0x00, 0x00, 0x00, 0x01, 0x00, 0x00, 0x00, 0x00,
    0x00, 0x00, 0x08, 0x00, 0x00, 0x00, 0x00, 0x00, 0x00, 0x0F, 0x1B, 0x37,
    0x60, 0xE0, 0x20, 0x00, 0x00, 0x38, 0x13, 0x20, 0x00, 0x00, 0x00, 0x00,
    0x00, 0x00, 0x00, 0x00, 0x40, 0x00, 0x00, 0x0F, 0x03, 0x37, 0x00, 0x80,
    0x20, 0x00, 0x00, 0x20, 0x00, 0x01, 0x80, 0x00, 0x00, 0x00, 0x21, 0x00,
    0x00, 0x00, 0x00, 0x00, 0x00, 0x1F, 0x00, 0x00, 0x43, 0xF9, 0x00, 0x00,
    0x04, 0x3E, 0x1B, 0x69, 0x80, 0x00, 0x00, 0x00, 0x20, 0x00, 0x00, 0x00,
    0x00, 0x00, 0x00, 0x1C, 0x5B, 0x34, 0x03, 0xF0, 0x00, 0x00, 0x04, 0x3E,
    0x13, 0x69, 0x80, 0x00, 0x00, 0x00, 0x18, 0x00, 0x00, 0x00, 0x06, 0x00,
    0x00, 0x04, 0x1B, 0x37, 0x00, 0x07, 0xDD, 0xFE, 0x7F, 0xFE, 0x00, 0x00,
    0x00, 0x00, 0x00, 0x00, 0x01, 0x00, 0x00, 0x00, 0x00, 0x00, 0x03, 0xC1,
    0x00, 0x00, 0x00, 0x07, 0xC0, 0x00, 0x1C, 0xFF, 0x83, 0x69, 0x80, 0x00,
    0x00, 0x00, 0x01, 0x00, 0x00, 0x00, 0x00, 0x00, 0x03, 0xC0, 0x00, 0x00,
    0x00, 0x07, 0xC0, 0x03, 0x3E, 0xD7, 0x83, 0x69, 0x80, 0x00, 0x00, 0x00,
    0x00, 0x00, 0x00, 0x00, 0x00, 0x3F, 0xFF, 0x80, 0x80, 0x00, 0x0E, 0x00,
    0x00, 0x00, 0x00, 0x00, 0x00, 0x00, 0x00, 0x00, 0x00, 0x00, 0x00, 0x00,
    0x00, 0x00, 0x00, 0x7F, 0xFF, 0x80, 0x80, 0x00, 0x0C, 0xE0, 0x00, 0x00,
    0x00, 0x00, 0x00, 0x00, 0x00, 0x00, 0x00, 0x00, 0x00, 0x00, 0x00, 0x00,
    0x00, 0x00, 0x7C, 0x00, 0x77, 0xFF, 0x0B, 0xFF, 0xFF, 0xFF, 0xFF, 0xFF,
    0x80, 0x01, 0x80, 0x00, 0x00, 0x00, 0x00, 0x00, 0x00, 0x00, 0x00, 0x00,
    0x7C, 0x00, 0x10, 0x00, 0x0B, 0xA4, 0x09, 0xDB, 0xE6, 0xF7, 0x80, 0x01,
    0x80, 0x00, 0x00, 0x00, 0x00, 0x00, 0x00, 0x00, 0x00, 0x00, 0x7C, 0x01,
    0x90, 0x00, 0x03, 0xA5, 0x0F, 0xFF, 0xFF, 0xFF, 0x90, 0x00, 0x00, 0x00,
    0x00, 0x00, 0x00, 0x00, 0x00, 0x00, 0x00, 0x00, 0x00, 0x00, 0x00, 0x34,
    0x02, 0xFF, 0x40, 0x00, 0x00, 0x00, 0x00, 0x00, 0x00, 0x00, 0x00, 0x00,
    0x00, 0x00, 0x00, 0x00, 0x00, 0x00, 0x00, 0x00, 0x00, 0x36, 0x03, 0xFF,
    0xC0, 0x00, 0x00, 0x00, 0x00, 0x01, 0x80, 0x00, 0x00, 0x00, 0x20, 0x40,
    0x00, 0x00, 0x00, 0x00, 0x20, 0x00, 0x20, 0x00, 0x10, 0x80, 0x00, 0x00,
    0x00, 0x00, 0x00, 0x01, 0x80, 0x00, 0x00, 0x00, 0xC0, 0x40, 0x00, 0x00,
    0x00, 0x00, 0x00, 0x00, 0x04, 0x00, 0x00, 0x98, 0x00, 0x00, 0x00, 0x00,
    0x00, 0x00, 0x00, 0x00, 0x00, 0x00, 0x38, 0x00, 0x00, 0x00, 0x00, 0x00,
    0x04, 0x00, 0x01, 0x30, 0x3C, 0x00, 0x00, 0x00, 0x00, 0x00, 0x01, 0x00,
    0x00, 0x00, 0x00, 0x00, 0xF8, 0x00, 0x00, 0x00, 0x00, 0x00, 0x04, 0x00,
    0x01, 0x30, 0x3C, 0x00, 0x00, 0x00, 0x00, 0x00, 0x01, 0x19, 0x80, 0x00,
    0x00, 0x00, 0xF8, 0x06, 0x00, 0x00, 0x00, 0x00, 0x00, 0x00, 0x00, 0x30,
    0x3E, 0x00, 0x00, 0x00, 0x00, 0x00, 0x06, 0x09, 0x80, 0x00, 0x00, 0x00,
    0x87, 0xF0, 0x00, 0x00, 0x00, 0x00, 0x00, 0x00, 0x18, 0x5F, 0x72, 0x00,
    0x00, 0x00, 0x00, 0x00, 0x00, 0x00, 0x00, 0x00, 0x00, 0x00, 0x27, 0xF0,
    0x00, 0x00, 0x00, 0x00, 0x00, 0x00, 0x18, 0x5F, 0xCE, 0x00, 0x00, 0x00,
    0x00, 0x00, 0x00, 0x18, 0x00, 0x00, 0x00, 0x00, 0xFF, 0xF0, 0x00, 0x00,
    0x00, 0x00, 0x00, 0x00, 0x78, 0x00, 0x0C, 0x00, 0x00, 0x00, 0x00, 0x00,
    0x00, 0x29, 0x80, 0x00, 0x00, 0x00, 0xFF, 0xF8, 0x00, 0x00, 0x00, 0x00,
    0x00, 0x00, 0x78, 0x00, 0x0C, 0x00, 0x00, 0x00, 0x00, 0x00, 0x00, 0x21,
    0x80, 0x00, 0x00, 0x00, 0x3B, 0xF8, 0x10, 0x00, 0x00, 0x00, 0x00, 0x00,
    0x38, 0x00, 0x0C, 0x00, 0x00, 0x00, 0x00, 0x00, 0x00, 0xF8, 0x00, 0x00,
    0x00, 0x00, 0x0B, 0xF6, 0x00, 0x00, 0x00, 0x00, 0x00, 0x03, 0xBF, 0x37,
    0x66, 0x00, 0x00, 0x00, 0x00, 0x00, 0x00, 0xFC, 0x00, 0x00, 0x00, 0x00,
    0x0F, 0xFE, 0x00, 0x00, 0x00, 0x00, 0x00, 0x03, 0xBD, 0xFF, 0xFF, 0x00,
    0x00, 0x00, 0x10, 0x00, 0x00, 0xFE, 0x00, 0x00, 0x00, 0x00, 0x03, 0xC9,
    0xE0, 0x00, 0x00, 0x00, 0x00, 0x1F, 0xC0, 0x00, 0x00, 0x00, 0x00, 0x00,
    0x00, 0x01, 0x00, 0x3F, 0x80, 0x00, 0x00, 0x00, 0x03, 0xC9, 0xE0, 0x00,
    0x00, 0x00, 0x00, 0x1F, 0xE0, 0x00, 0x00, 0x00, 0x00, 0x00, 0x00, 0x01,
    0x00, 0x3F, 0x80, 0x00, 0x00, 0x40, 0x00, 0x00, 0x00, 0x00, 0x00, 0x03,
    0x5A, 0x94, 0x27, 0x37, 0x4C, 0xF8, 0x00, 0x00, 0x10, 0x90, 0x80, 0x06,
    0x00, 0x00, 0x00, 0x40, 0x00, 0x00, 0x00, 0x00, 0x00, 0x03, 0x5A, 0x94,
    0x27, 0x37, 0x4C, 0xF8, 0x00, 0x00, 0x00, 0x00, 0x00, 0x00, 0x00, 0x00,
    0x00, 0x60, 0x00, 0x37, 0x66, 0xED, 0x9B, 0x6D, 0xFF, 0xFB, 0xDE, 0xF7,
    0xFF, 0x58, 0x00, 0x00, 0x00, 0x01, 0x80, 0x00, 0x00, 0x00, 0x00, 0x00,
    0x00, 0x37, 0x66, 0xEF, 0x9B, 0x2F, 0xFC, 0xFF, 0xFF, 0xF5, 0xB3, 0xFF,
    0x00, 0x00, 0x00, 0x00, 0x00, 0x00, 0x00, 0x00, 0x00, 0x00, 0x00, 0x00,
    0x00, 0x00, 0x00, 0x00, 0x00, 0x00, 0x00, 0x00, 0x00, 0x01, 0x00, 0x00,
    0x00, 0x00, 0x00, 0x00, 0x00, 0x80, 0x00, 0x00, 0x00, 0x00, 0x00, 0x00,
    0x00, 0x00, 0x00, 0x00, 0x00, 0x00, 0x00, 0x00, 0xC0, 0x00, 0x00, 0x05,
    0xFF, 0xE0, 0x00, 0x00, 0x00, 0x00, 0x00, 0x00, 0x00, 0x00, 0x00, 0x00,
    0x00, 0x00, 0x00, 0x00, 0x00, 0x00, 0x00, 0x00, 0x00, 0x25, 0xE1, 0x00,
    0x00, 0x00, 0x00, 0x06, 0x00, 0x00, 0x00, 0x00, 0x00, 0x00, 0x00, 0x00,
    0x00, 0x00, 0x00, 0x00, 0x00, 0x00, 0x00, 0x00, 0x00, 0x00, 0x06, 0x00,
    0x00, 0x01, 0x00, 0x00, 0x00, 0x00, 0x00, 0x00, 0x00, 0x00, 0x00, 0x00,
    0x00, 0x00, 0x00, 0x00, 0x00, 0x00, 0x00, 0x00, 0x00, 0x00, 0x00, 0x01,
    0xC0, 0x00, 0x00, 0x00, 0x00, 0x00, 0x00, 0x00, 0x00, 0x00, 0x00, 0x00,
    0x00, 0x00, 0x00, 0x00, 0x00, 0x00, 0x38, 0x00, 0x00, 0x00, 0x00, 0x00,
    0x00, 0x00, 0x00, 0x00, 0x00, 0x00, 0x00, 0x00, 0x00, 0x00, 0x00, 0x00,
    0x00, 0x00, 0x00, 0x00, 0x00, 0x00, 0x00, 0x00, 0x20, 0x00, 0x00, 0x00,
    0x00, 0x00, 0x00, 0x00, 0x00, 0x00, 0x00, 0x00, 0x00, 0x00, 0x00, 0x00,
    0x00, 0x00, 0x00, 0x00, 0x00, 0x00, 0x00, 0x00, 0x00, 0x00, 0x00, 0x00,
    0x00, 0x00, 0x00, 0x00, 0x00, 0x00, 0x00, 0x00, 0x00, 0x00, 0x00, 0x00,
    0x00, 0x00, 0x00, 0x00, 0x00, 0x00, 0x00, 0x00, 0x00, 0x00, 0x00, 0x00,
    0x00, 0x00, 0x00, 0x00, 0x00, 0x00, 0x00, 0x00, 0x00, 0x00, 0x00, 0x00,
    0x00, 0x00, 0x00, 0x00, 0x00, 0x00, 0x00, 0x00, 0x00, 0x00, 0x00, 0x00,
    0x00, 0x00, 0x00, 0x00, 0x00, 0x00, 0x00, 0x00, 0x00, 0x00, 0x00, 0x00,
    0x00, 0x00, 0x00, 0x00, 0x00, 0x00, 0x00, 0x00, 0x00, 0x00, 0x00, 0x00,
    0x00, 0x00, 0x00, 0x00, 0x00, 0x00, 0x00, 0x00, 0x00, 0x00, 0x00, 0x00,
    0x00, 0x00, 0x00, 0x00, 0x00, 0x00, 0x00, 0x00, 0x00, 0x00, 0x00, 0x00,
    0x00, 0x00, 0x00, 0x00, 0x00, 0x00, 0x00, 0x00, 0x00, 0x00, 0x00, 0x00,
    0x00, 0x00, 0x00, 0x00, 0x00, 0x00, 0x00, 0x00, 0x00, 0x00, 0x00, 0x00,
    0x00, 0x00, 0x00, 0x00, 0x00, 0x00, 0x00, 0x00, 0x00, 0x00, 0x00, 0x00,
    0x00, 0x00, 0x00, 0x00, 0x00, 0x00, 0x00, 0x00, 0x00, 0x00, 0x00, 0x00,
    0x00, 0x00, 0x00, 0x00, 0x00, 0x00, 0x00, 0x00, 0x00, 0x00, 0x00, 0x00,
    0x00, 0x00, 0x00, 0x00, 0x00, 0x00, 0x00, 0x00, 0x00, 0x00, 0x00, 0x00,
    0x00, 0x00, 0x00, 0x00, 0x00, 0x00, 0x00, 0x00, 0x00, 0x00, 0x00, 0x00,
    0x00, 0x00, 0x00, 0x00, 0x00, 0x00, 0x00, 0x00, 0x00, 0x00, 0x00, 0x00,
    0x00, 0x00, 0x00, 0x00, 0x00, 0x00, 0x00, 0x00, 0x00, 0x00, 0x00, 0x00,
    0x00, 0x00, 0x00, 0x00, 0x00, 0x00, 0x00, 0x00,
};

constexpr uint8_t kAnswersBlackData[] = {
    0x00, 0x00, 0x00, 0x00, 0x00, 0x00, 0x00, 0x00, 0x00, 0x00, 0x00, 0x00,
    0x00, 0x00, 0x00, 0x00, 0x00, 0x00, 0x00, 0x00, 0x00, 0x00, 0x00, 0x00,
    0x00, 0x00, 0x00, 0x00, 0x00, 0x00, 0x00, 0x00, 0x00, 0x00, 0x00, 0x00,
    0x00, 0x00, 0x00, 0x00, 0x00, 0x00, 0x00, 0x00, 0x00, 0x00, 0x00, 0x00,
    0x00, 0x00, 0x00, 0x00, 0x00, 0x00, 0x00, 0x00, 0x00, 0x00, 0x00, 0x00,
    0x00, 0x00, 0x00, 0x00, 0x00, 0x00, 0x00, 0x00, 0x00, 0x00, 0x00, 0x00,
    0x00, 0x00, 0x00, 0x00, 0x00, 0x00, 0x00, 0x00, 0x00, 0x00, 0x00, 0x00,
    0x00, 0x00, 0x00, 0x00, 0x00, 0x00, 0x00, 0x00, 0x00, 0x00, 0x00, 0x00,
    0x00, 0x00, 0x00, 0x00, 0x00, 0x00, 0x00, 0x00, 0x00, 0x00, 0x00, 0x00,
    0x00, 0x00, 0x00, 0x00, 0x00, 0x00, 0x00, 0x00, 0x00, 0x00, 0x00, 0x00,
    0x00, 0x00, 0x00, 0x00, 0x00, 0x00, 0x00, 0x00, 0x00, 0x00, 0x00, 0x00,
    0x00, 0x00, 0x00, 0x00, 0x00, 0x00, 0x00, 0x00, 0x00, 0x00, 0x00, 0x00,
    0x00, 0x00, 0x00, 0x00, 0x00, 0x00, 0x00, 0x00, 0x00, 0x00, 0x00, 0x00,
    0x00, 0x00, 0x00, 0x03, 0xFF, 0xFF, 0xFF, 0xFF, 0xFF, 0xFF, 0x00, 0x00,
    0x00, 0x7F, 0xF8, 0x00, 0x00, 0x00, 0x00, 0x00, 0x00, 0x00, 0x00, 0x00,
    0x00, 0x03, 0xFF, 0xFF, 0xFF, 0xFF, 0xFF, 0xFF, 0x00, 0x00, 0x00, 0x7F,
    0xF8, 0x00, 0x00, 0x00, 0x00, 0x00, 0x00, 0x00, 0x00, 0x00, 0x00, 0x03,
    0xFF, 0xFF, 0xFF, 0xFF, 0xFF, 0xFF, 0x00, 0x00, 0x00, 0x7F, 0xF8, 0x00,
    0x00, 0x00, 0x00, 0x00, 0x00, 0x00, 0x00, 0x00, 0x00, 0x1F, 0x00, 0x00,
    0x00, 0x00, 0x00, 0x03, 0xE0, 0x00, 0x01, 0xF0, 0x1F, 0x00, 0x00, 0x00,
    0x00, 0x00, 0x00, 0x00, 0x00, 0x00, 0x00, 0x1F, 0x00, 0x00, 0x00, 0x00,
    0x00, 0x03, 0xE0, 0x00, 0x01, 0xF0, 0x1F, 0x00, 0x00, 0x00, 0x00, 0x00,
    0x00, 0x00, 0x00, 0x00, 0x00, 0x3C, 0x00, 0x00, 0x00, 0x00, 0x00, 0x00,
    0xF8, 0x00, 0x07, 0x80, 0x07, 0xC0, 0x00, 0x00, 0x00, 0x00, 0x00, 0x00,
    0x00, 0x00, 0x00, 0x3C, 0x00, 0x00, 0x00, 0x00, 0x00, 0x00, 0xF8, 0x00,
    0x07, 0x80, 0x07, 0xC0, 0x00, 0x00, 0x00, 0x00, 0x00, 0x00, 0x00, 0x00,
    0x00, 0x7C, 0x00, 0x00, 0x00, 0x00, 0x00, 0x00, 0xFC, 0x00, 0x1F, 0x80,
    0x00, 0xF0, 0x00, 0x00, 0x00, 0x00, 0x00, 0x00, 0x00, 0x00, 0x00, 0x70,
    0x00, 0x00, 0x00, 0x00, 0x00, 0x00, 0x3C, 0x00, 0x1F, 0x00, 0x00, 0xF0,
    0x00, 0x00, 0x00, 0x00, 0x00, 0x00, 0x00, 0x00, 0x00, 0xF0, 0x00, 0x00,
    0x00, 0x00, 0x00, 0x00, 0x3F, 0xFF, 0xFF, 0x00, 0x00, 0xFC, 0x00, 0x00,
    0x00, 0x00, 0x00, 0x00, 0x00, 0x00, 0x00, 0xE0, 0x00, 0x00, 0x00, 0x00,
    0x00, 0x00, 0x0F, 0xFF, 0xFC, 0x00, 0x00, 0x3C, 0x00, 0x00, 0x00, 0x00,
    0x00, 0x00, 0x00, 0x00, 0x00, 0xE0, 0x00, 0x00, 0x00, 0x00, 0x00, 0x00,
    0x0F, 0xFF, 0xFC, 0x00, 0x00, 0x3C, 0x00, 0x00, 0x00, 0x00, 0x00, 0x00,
    0x00, 0x00, 0x07, 0x80, 0x00, 0x00, 0x00, 0x00, 0x00, 0x00, 0x00, 0x00,
    0x00, 0x00, 0x00, 0x07, 0x00, 0x00, 0x00, 0x00, 0x00, 0x00, 0x00, 0x00,
    0x07, 0x80, 0x00, 0x00, 0x00, 0x00, 0x00, 0x00, 0x00, 0x00, 0x00, 0x00,
    0x00, 0x07, 0x00, 0x00, 0x00, 0x00, 0x00, 0x00, 0x00, 0x00, 0x1F, 0x00,
    0x00, 0x00, 0x00, 0x00, 0x00, 0x00, 0x00, 0x00, 0x00, 0x00, 0x00, 0x01,
    0xC0, 0x00, 0x00, 0x00, 0x00, 0x00, 0x00, 0x00, 0x1F, 0x00, 0x00, 0x00,
    0x00, 0x00, 0x00, 0x00, 0x00, 0x00, 0x00, 0x00, 0x00, 0x01, 0xC0, 0x00,
    0x00, 0x00, 0x00, 0x00, 0x00, 0x00, 0x1F, 0x00, 0x00, 0x00, 0x00, 0x00,
    0x00, 0x00, 0x00, 0x00, 0x00, 0x03, 0x00, 0x00, 0xF8, 0x00, 0x00, 0x00,
    0x00, 0x00, 0x00, 0x00, 0x1C, 0x00, 0x00, 0x00, 0x00, 0x00, 0x00, 0x00,
    0x00, 0x00, 0x00, 0x03, 0x00, 0x00, 0xF8, 0x00, 0x00, 0x00, 0x00, 0x00,
    0x00, 0x00, 0x1C, 0x00, 0x00, 0x00, 0x00, 0x00, 0x00, 0x00, 0x00, 0x00,
    0x00, 0x03, 0x00, 0x00, 0x38, 0x00, 0x00, 0x00, 0x00, 0x00, 0x00, 0x00,
    0x1C, 0x00, 0x00, 0x00, 0x00, 0x00, 0x00, 0x00, 0x00, 0x00, 0x00, 0x03,
    0x80, 0x00, 0x38, 0x00, 0x00, 0x00, 0x00, 0x00, 0x00, 0x00, 0x1C, 0x00,
    0x00, 0x00, 0x00, 0x00, 0x00, 0x00, 0x00, 0x00, 0x00, 0x03, 0x80, 0x00,
    0x38, 0x00, 0x00, 0x00, 0x00, 0x00, 0x00, 0x00, 0x1C, 0x00, 0x00, 0x00,
    0x00, 0x00, 0x00, 0x00, 0x00, 0x00, 0x00, 0x0F, 0xE0, 0x00, 0x38, 0x00,
    0x00, 0x00, 0x00, 0x00, 0x00, 0x00, 0x1C, 0x00, 0x00, 0x00, 0x00, 0x00,
    0x00, 0x00, 0x00, 0x00, 0x00, 0x1C, 0xF0, 0x00, 0x38, 0x00, 0x00, 0x00,
    0x00, 0x00, 0x00, 0x00, 0x1C, 0x00, 0x00, 0x00, 0x00, 0x00, 0x00, 0x00,
    0x00, 0x00, 0x00, 0x1C, 0xF0, 0x00, 0x38, 0x00, 0x00, 0x00, 0x00, 0x00,
    0x00, 0x00, 0x1C, 0x00, 0x00, 0x07, 0xF0, 0x00, 0x00, 0x00, 0x00, 0x00,
    0x03, 0xF0, 0x3F, 0x00, 0x38, 0x00, 0x00, 0x00, 0x00, 0x00, 0x00, 0x00,
    0x1C, 0x00, 0x00, 0x07, 0xF0, 0x00, 0x00, 0x00, 0x00, 0x00, 0x03, 0xF0,
    0x3F, 0x00, 0x38, 0x00, 0x00, 0x00, 0x00, 0x00, 0x00, 0x00, 0xFC, 0x00,
    0x00, 0x1F, 0xF0, 0x00, 0x00, 0x00, 0x00, 0x00, 0x00, 0x7C, 0xFF, 0x00,
    0x38, 0x00, 0x00, 0x00, 0x00, 0x00, 0x00, 0x00, 0xFC, 0x00, 0x00, 0x1C,
    0x0E, 0x00, 0x00, 0x00, 0xC0, 0x00, 0x00, 0x1C, 0xF0, 0x00, 0x38, 0x00,
    0x00, 0x00, 0x00, 0x00, 0x00, 0x0F, 0xE0, 0x00, 0x00, 0x3C, 0x0E, 0x00,
    0x00, 0x01, 0xC0, 0x00, 0x00, 0x0C, 0xE0, 0x00, 0x38, 0x00, 0x00, 0x00,
    0x00, 0x00, 0x00, 0x0F, 0xE0, 0x00, 0x00, 0x30, 0x0F, 0x80, 0x00, 0x01,
    0xC0, 0x00, 0x00, 0x0F, 0xE0, 0x00, 0x38, 0x00, 0x00, 0x00, 0x00, 0x00,
    0x00, 0x0F, 0xE0, 0x00, 0x00, 0x70, 0x03, 0x80, 0x00, 0x01, 0xC0, 0x00,
    0x00, 0x0F, 0xC0, 0x00, 0x38, 0x00, 0x00, 0x00, 0x00, 0x00, 0x00, 0x3C,
    0x00, 0x00, 0x00, 0xF0, 0x03, 0x80, 0x00, 0x01, 0xE0, 0x00, 0x00, 0x03,
    0x00, 0x00, 0x38, 0x00, 0x00, 0x00, 0x00, 0x00, 0x00, 0x3C, 0x00, 0x00,
    0x00, 0xC0, 0x03, 0x80, 0x00, 0x01, 0xF0, 0x00, 0x00, 0x03, 0x00, 0x00,
    0x38, 0x00, 0x00, 0x00, 0x00, 0x00, 0x01, 0xF0, 0x00, 0x00, 0x00, 0xC0,
    0x03, 0x80, 0x00, 0x07, 0x38, 0x00, 0x00, 0x03, 0x00, 0x00, 0x38, 0x00,
    0x00, 0x00, 0x00, 0x00, 0x01, 0xF0, 0x00, 0x00, 0x00, 0xC0, 0x03, 0x80,
    0x00, 0x06, 0x38, 0x00, 0x00, 0x03, 0x00, 0x00, 0x3E, 0x00, 0x00, 0x00,
    0x00, 0x00, 0x01, 0xC0, 0x00, 0x00, 0x00, 0xC0, 0x03, 0x80, 0x00, 0x1E,
    0x3C, 0x00, 0x00, 0x03, 0x00, 0x00, 0x3E, 0x00, 0x00, 0x00, 0x00, 0x00,
    0x01, 0xC0, 0x00, 0x00, 0x01, 0xC0, 0x03, 0x80, 0x01, 0xF8, 0x0F, 0x80,
    0x00, 0x00, 0x00, 0x00, 0x07, 0xC0, 0x00, 0x00, 0x00, 0x00, 0x01, 0xC0,
    0x00, 0x00, 0x01, 0xC0, 0x03, 0x80, 0x01, 0xF8, 0x0F, 0x80, 0x00, 0x00,
    0x00, 0x00, 0x07, 0xC0, 0x00, 0x00, 0x00, 0x00, 0x01, 0xC0, 0x00, 0x00,
    0x00, 0xC0, 0x03, 0x80, 0x00, 0x1E, 0x3C, 0x00, 0x00, 0x00, 0x00, 0x00,
    0x01, 0xE0, 0x00, 0x00, 0x00, 0x00, 0x01, 0xC0, 0x00, 0xFE, 0x00, 0xC0,
    0x03, 0x80, 0x00, 0x06, 0x38, 0x00, 0x00, 0x00, 0x00, 0x00, 0x01, 0xE0,
    0x00, 0x00, 0x00, 0x00, 0x01, 0xC0, 0x00, 0xFE, 0x00, 0xC0, 0x03, 0x80,
    0x00, 0x07, 0xF8, 0x00, 0x00, 0x00, 0x00, 0x00, 0x01, 0xE0, 0x00, 0x00,
    0x00, 0x00, 0x01, 0xC0, 0x07, 0x03, 0x80, 0xC0, 0x03, 0x80, 0x00, 0x07,
    0xF0, 0x00, 0x00, 0x00, 0x00, 0x00, 0x00, 0x38, 0x00, 0x00, 0x00, 0x00,
    0x01, 0xC0, 0x07, 0x03, 0x80, 0xC0, 0x03, 0x80, 0x00, 0x01, 0xE0, 0x00,
    0x00, 0x00, 0x00, 0x00, 0x00, 0x38, 0x00, 0x00, 0x00, 0x00, 0x01, 0xC0,
    0x18, 0x00, 0x60, 0xC0, 0x03, 0x80, 0x00, 0x01, 0xC0, 0x00, 0x00, 0x00,
    0x00, 0x00, 0x00, 0x1F, 0x00, 0x00, 0x00, 0x00, 0x01, 0xC0, 0x18, 0x00,
    0x60, 0xC0, 0x03, 0x80, 0x00, 0x01, 0xC0, 0x00, 0x00, 0x00, 0x00, 0x00,
    0x00, 0x1F, 0x00, 0x00, 0x00, 0x00, 0x01, 0xC0, 0x18, 0x00, 0x78, 0xC0,
    0x03, 0x80, 0x00, 0x01, 0xC0, 0x00, 0x00, 0x00, 0x00, 0x00, 0x00, 0x07,
    0x00, 0x00, 0x00, 0x00, 0x01, 0xC0, 0x18, 0x00, 0x18, 0xC0, 0x03, 0x80,
    0x00, 0x01, 0xC0, 0x00, 0x00, 0x00, 0x00, 0x00, 0x00, 0x07, 0xC0, 0x00,
    0x00, 0x00, 0x01, 0xC0, 0x18, 0x00, 0x18, 0xC0, 0x03, 0x80, 0x00, 0x01,
    0xC0, 0x00, 0x00, 0x00, 0x00, 0x00, 0x00, 0x00, 0xC0, 0x00, 0x00, 0x00,
    0x01, 0xC0, 0x18, 0x00, 0x1E, 0xC0, 0x03, 0x80, 0x00, 0x00, 0x00, 0x00,
    0x00, 0x00, 0x00, 0x06, 0x00, 0x00, 0xC0, 0x00, 0x00, 0x00, 0x01, 0xC0,
    0x18, 0x00, 0x06, 0xC0, 0x03, 0x80, 0x00, 0x00, 0x00, 0x00, 0x00, 0x00,
    0x00, 0x06, 0x00, 0x00, 0xC0, 0x00, 0x00, 0x00, 0x01, 0xC0, 0x18, 0x00,
    0x07, 0xC0, 0x03, 0x80, 0x00, 0x00, 0x00, 0x00, 0x00, 0x00, 0x00, 0x07,
    0x00, 0x00, 0xC0, 0x00, 0x00, 0x00, 0x01, 0xC0, 0x18, 0x00, 0x07, 0xC0,
    0x03, 0x80, 0x00, 0x00, 0x00, 0x00, 0x00, 0x00, 0x00, 0x07, 0x00, 0x00,
    0xC0, 0x00, 0x00, 0x00, 0x01, 0xC0, 0x18, 0x00, 0x07, 0xC0, 0x03, 0x80,
    0x00, 0x00, 0x00, 0x00, 0x00, 0x00, 0x00, 0x79, 0xC0, 0x00, 0xC0, 0x00,
    0x00, 0x00, 0x01, 0xC0, 0x18, 0x00, 0x01, 0xF0, 0x03, 0xE0, 0x00, 0x00,
    0x00, 0x00, 0x01, 0x00, 0x00, 0x79, 0xF0, 0x00, 0xC0, 0x00, 0x00, 0x00,
    0x01, 0xC0, 0x07, 0x00, 0x01, 0xF0, 0x00, 0x78, 0x00, 0x00, 0x00, 0x00,
    0x00, 0x00, 0x00, 0x7F, 0xF0, 0x00, 0xC0, 0x00, 0x00, 0x00, 0x07, 0xC0,
    0x07, 0x00, 0x01, 0xC0, 0x00, 0x1E, 0x00, 0x00, 0x00, 0x00, 0x00, 0x00,
    0x00, 0x07, 0x00, 0x00, 0xC0, 0x00, 0x00, 0x00, 0x07, 0xC0, 0x07, 0x00,
    0x01, 0xC0, 0x00, 0x1E, 0x00, 0x00, 0x00, 0x00, 0x00, 0x00, 0x00, 0x06,
    0x00, 0x00, 0xC0, 0x00, 0x00, 0x00, 0x3E, 0x00, 0x07, 0x00, 0x00, 0x00,
    0x00, 0x03, 0x80, 0x00, 0x00, 0x00, 0x00, 0x00, 0x00, 0x06, 0x00, 0x00,
    0xC0, 0x00, 0x00, 0x00, 0x3E, 0x00, 0x07, 0x00, 0x00, 0x00, 0x00, 0x03,
    0xE0, 0x00, 0x00, 0x00, 0x00, 0x00, 0x00, 0x06, 0x00, 0x00, 0xC0, 0x00,
    0x00, 0x00, 0x3E, 0x00, 0x07, 0x00, 0x00, 0x00, 0x00, 0x00, 0xE0, 0x00,
    0x00, 0x00, 0x00, 0x00, 0x00, 0x06, 0x00, 0x00, 0xC0, 0x00, 0x00, 0x00,
    0xF8, 0x00, 0x01, 0xC0, 0x00, 0x00, 0x00, 0x00, 0x78, 0x00, 0x00, 0x00,
    0x00, 0x00, 0x00, 0x00, 0x00, 0x00, 0xC0, 0x00, 0x00, 0x00, 0xF8, 0x00,
    0x01, 0xC0, 0x00, 0x00, 0x00, 0x00, 0x78, 0x00, 0x00, 0x00, 0x00, 0x00,
    0x00, 0x00, 0x00, 0x00, 0xC0, 0x00, 0x00, 0x00, 0xE0, 0x00, 0x01, 0xC0,
    0x00, 0x00, 0x00, 0x00, 0x38, 0x00, 0x00, 0x00, 0x00, 0x00, 0x00, 0x00,
    0x00, 0x00, 0xC0, 0x00, 0x00, 0x07, 0xE0, 0x00, 0x00, 0x70, 0x00, 0x00,
    0x00, 0x00, 0x1C, 0x00, 0x00, 0x00, 0x00, 0x00, 0x00, 0x00, 0x00, 0x00,
    0xC0, 0x00, 0x00, 0x07, 0xE0, 0x00, 0x00, 0x70, 0x00, 0x00, 0x00, 0x00,
    0x1E, 0x00, 0x00, 0x00, 0x00, 0x00, 0x00, 0x00, 0x00, 0x00, 0xC0, 0x00,
    0x00, 0x07, 0x00, 0x00, 0x00, 0x18, 0x00, 0x00, 0x00, 0x00, 0x07, 0x00,
    0x00, 0x00, 0x3F, 0xFF, 0xE0, 0x00, 0x00, 0x00, 0xC0, 0x00, 0x00, 0x07,
    0x00, 0x00, 0x00, 0x18, 0x00, 0x00, 0x00, 0x00, 0x07, 0x00, 0x00, 0x00,
    0x3F, 0xFF, 0xE0, 0x00, 0x00, 0x00, 0xC0, 0x00, 0x00, 0x07, 0x00, 0x00,
    0x00, 0x18, 0x00, 0x00, 0x00, 0x00, 0x07, 0x00, 0x00, 0x00, 0x3F, 0xFF,
    0xE0, 0x00, 0x00, 0x00, 0xC0, 0x00, 0x00, 0x07, 0x00, 0x00, 0x00, 0x78,
    0x00, 0x00, 0x00, 0x00, 0x07, 0x00, 0x00, 0x07, 0xE0, 0x00, 0x1F, 0x00,
    0x00, 0x00, 0xF0, 0x00, 0x00, 0x07, 0x00, 0x00, 0x00, 0x60, 0x00, 0x00,
    0x00, 0x00, 0x07, 0x80, 0x00, 0x07, 0xE0, 0x00, 0x1F, 0x80, 0x00, 0x00,
    0xF0, 0x00, 0x00, 0x07, 0x00, 0x00, 0x00, 0xE0, 0x00, 0x00, 0x00, 0x00,
    0x01, 0x80, 0x00, 0x78, 0x00, 0x00, 0x00, 0xF0, 0x00, 0x00, 0x3E, 0x00,
    0x00, 0x1F, 0x00, 0x00, 0x00, 0xE0, 0x00, 0x00, 0x00, 0x00, 0x01, 0x80,
    0x00, 0x78, 0x00, 0x00, 0x00, 0xF0, 0x00, 0x00, 0x3E, 0x00, 0x00, 0x1F,
    0x00, 0x00, 0x01, 0x80, 0x00, 0x00, 0x00, 0x00, 0x01, 0x80, 0x01, 0xC0,
    0x00, 0x00, 0x00, 0x1C, 0x00, 0x00, 0x07, 0x80, 0x00, 0x1C, 0x00, 0x00,
    0x01, 0x80, 0x00, 0x00, 0x00, 0x00, 0x01, 0x80, 0x01, 0xC0, 0x00, 0x00,
    0x00, 0x1E, 0x00, 0x00, 0x07, 0x80, 0x00, 0x7C, 0x00, 0x00, 0x01, 0x80,
    0x00, 0x00, 0x00, 0x00, 0x01, 0x80, 0x03, 0x00, 0x00, 0x00, 0x00, 0x07,
    0x00, 0x00, 0x01, 0x80, 0x00, 0x7C, 0x00, 0x00, 0x06, 0x00, 0x00, 0x00,
    0x00, 0x00, 0x01, 0x80, 0x07, 0x00, 0x00, 0x00, 0x00, 0x07, 0x80, 0x00,
    0x01, 0xF0, 0x00, 0x60, 0x00, 0x00, 0x06, 0x00, 0x00, 0x00, 0x00, 0x00,
    0x01, 0x80, 0x0C, 0x00, 0x00, 0x00, 0x00, 0x01, 0xC0, 0x00, 0x00, 0x70,
    0x00, 0x60, 0x00, 0x00, 0x06, 0x00, 0x00, 0x00, 0x00, 0x00, 0x01, 0x80,
    0x1C, 0x00, 0x00, 0x00, 0x00, 0x01, 0xC0, 0x00, 0x00, 0x70, 0x00, 0x60,
    0x00, 0x00, 0x06, 0x00, 0x00, 0x00, 0x00, 0x00, 0x01, 0x80, 0x30, 0x00,
    0x00, 0x00, 0x00, 0x00, 0xF0, 0x00, 0x00, 0x70, 0x00, 0x60, 0x00, 0x00,
    0x06, 0x00, 0x00, 0x00, 0x00, 0x00, 0x01, 0x80, 0x30, 0x00, 0x00, 0x00,
    0x00, 0x00, 0x70, 0x00, 0x00, 0x70, 0x00, 0x60, 0x00, 0x00, 0x06, 0x00,
    0x00, 0x00, 0x00, 0x00, 0x01, 0xE0, 0x30, 0x10, 0x00, 0x00, 0x00, 0x00,
    0x70, 0x00, 0x00, 0x70, 0x00, 0x60, 0x00, 0x00, 0x06, 0x00, 0x00, 0x00,
    0x00, 0x78, 0x01, 0xE0, 0x30, 0x00, 0x00, 0x00, 0x00, 0x00, 0x78, 0x00,
    0x00, 0x70, 0x00, 0x60, 0x00, 0x00, 0x06, 0x00, 0x00, 0x00, 0x00, 0x78,
    0x00, 0x60, 0xC0, 0x00, 0x00, 0x00, 0x00, 0x00, 0x18, 0x00, 0x00, 0x70,
    0x00, 0x60, 0x00, 0x00, 0x06, 0x00, 0x00, 0x00, 0x00, 0x78, 0x00, 0x60,
    0xC0, 0x00, 0x00, 0x00, 0x00, 0x00, 0x18, 0x00, 0x00, 0x70, 0x00, 0x60,
    0x00, 0x00, 0x06, 0x00, 0x00, 0x00, 0x00, 0x78, 0x00, 0x60, 0xC0, 0x00,
    0x00, 0x00, 0x00, 0x00, 0x18, 0x00, 0x00, 0x70, 0x00, 0x60, 0x00, 0x00,
    0x06, 0x00, 0x00, 0x00, 0x00, 0x78, 0x00, 0x60, 0xC0, 0x00, 0x00, 0x00,
    0x00, 0x00, 0x18, 0x00, 0x00, 0x70, 0x00, 0x60, 0x00, 0x00, 0x06, 0x00,
    0x00, 0x00, 0x00, 0x78, 0x07, 0x60, 0xC0, 0x00, 0x00, 0x30, 0x00, 0x00,
    0x18, 0x00, 0x00, 0x70, 0x00, 0x60, 0x00, 0x00, 0x06, 0x00, 0x00, 0x00,
    0x00, 0x00, 0x07, 0x67, 0x00, 0x00, 0x00, 0x70, 0x00, 0x00, 0x07, 0x00,
    0x00, 0x70, 0x00, 0x60, 0x00, 0x00, 0x06, 0x00, 0x00, 0x00, 0x00, 0x00,
    0x00, 0xE3, 0x00, 0x00, 0x00, 0x70, 0x00, 0x00, 0x07, 0x00, 0x00, 0x70,
    0x00, 0x60, 0x00, 0x00, 0x07, 0x80, 0x00, 0x00, 0x00, 0x00, 0x00, 0xE7,
    0x00, 0x00, 0x00, 0x70, 0x00, 0x00, 0x07, 0x00, 0x00, 0x70, 0x00, 0x7C,
    0x00, 0x00, 0x01, 0x80, 0x00, 0x00, 0x00, 0x00, 0x01, 0x87, 0x00, 0x00,
    0x00, 0x70, 0x00, 0x00, 0x07, 0x00, 0x00, 0x70, 0x00, 0x7C, 0x00, 0x00,
    0x01, 0x80, 0x00, 0x00, 0x00, 0x00, 0x61, 0x87, 0x00, 0x00, 0x00, 0x78,
    0x00, 0x00, 0x07, 0x00, 0x00, 0x70, 0x00, 0x1C, 0x00, 0x00, 0x01, 0x80,
    0x00, 0x00, 0x00, 0x00, 0x71, 0x87, 0x00, 0x00, 0x00, 0xFC, 0x00, 0x00,
    0x07, 0x00, 0x00, 0x70, 0x00, 0x1C, 0x00, 0x00, 0x01, 0xE0, 0x00, 0x00,
    0x00, 0x00, 0x7F, 0x07, 0x00, 0x00, 0x01, 0xFE, 0x00, 0x00, 0x07, 0x00,
    0x00, 0x70, 0x00, 0x1C, 0x00, 0x00, 0x00, 0x60, 0x00, 0x00, 0x00, 0x00,
    0x1F, 0x07, 0x00, 0x00, 0x03, 0xCF, 0x80, 0x00, 0x07, 0x00, 0x00, 0x70,
    0x00, 0x1C, 0x00, 0x00, 0x00, 0x78, 0x00, 0x00, 0x00, 0x00, 0x07, 0x07,
    0x00, 0x00, 0x0F, 0xCF, 0x80, 0x00, 0x07, 0x00, 0x00, 0x70, 0x00, 0x1C,
    0x00, 0x00, 0x00, 0x78, 0x00, 0x00, 0x00, 0x00, 0x0E, 0x07, 0x00, 0x00,
    0x3F, 0x83, 0xF8, 0x00, 0x07, 0x00, 0x00, 0x70, 0x00, 0x1C, 0x00, 0x00,
    0x00, 0x78, 0x00, 0x00, 0x00, 0x00, 0x0E, 0x07, 0x00, 0x00, 0x3F, 0x03,
    0xF8, 0x00, 0x07, 0x00, 0x00, 0x70, 0x00, 0x1C, 0x00, 0x00, 0x01, 0xE0,
    0x00, 0x00, 0x00, 0x00, 0x18, 0x07, 0x00, 0x00, 0x0F, 0xCF, 0x80, 0x00,
    0x07, 0x00, 0x00, 0x70, 0x00, 0x1C, 0x00, 0x00, 0x01, 0xE0, 0x00, 0x00,
    0x00, 0x00, 0xF8, 0x03, 0x00, 0x00, 0x03, 0xCF, 0x00, 0x00, 0x07, 0x00,
    0x00, 0x70, 0x00, 0x1C, 0x00, 0x00, 0x07, 0x00, 0x00, 0x00, 0x00, 0x01,
    0xE0, 0x03, 0x00, 0x00, 0x01, 0xFE, 0x00, 0x00, 0x07, 0x00, 0x00, 0x70,
    0x00, 0x1C, 0x00, 0x00, 0x07, 0x00, 0x00, 0x00, 0x00, 0x1F, 0xE0, 0x03,
    0x00, 0x00, 0x01, 0xFE, 0x00, 0x00, 0x07, 0x00, 0x00, 0x70, 0x00, 0x1C,
    0x00, 0x00, 0x3F, 0x00, 0x00, 0x00, 0x00, 0x1F, 0x00, 0x07, 0x00, 0x00,
    0x00, 0xF8, 0x00, 0x00, 0x07, 0x00, 0x00, 0x70, 0x00, 0x1C, 0x00, 0x00,
    0x38, 0x00, 0x00, 0x00, 0x7F, 0xFE, 0x00, 0x07, 0x00, 0x00, 0x00, 0x78,
    0x00, 0x00, 0x07, 0x00, 0x00, 0x70, 0x00, 0x1C, 0x00, 0x00, 0x38, 0x00,
    0x00, 0x00, 0x7F, 0xF8, 0x00, 0x00, 0xC0, 0x00, 0x00, 0x30, 0x00, 0x00,
    0x18, 0x00, 0x00, 0x70, 0x00, 0x1C, 0x00, 0x00, 0xE0, 0x00, 0x00, 0x18,
    0x03, 0xFF, 0x00, 0x00, 0xC0, 0x00, 0x00, 0x30, 0x00, 0x00, 0x18, 0x00,
    0x00, 0x70, 0x00, 0x1C, 0x00, 0x00, 0xE0, 0x00, 0x00, 0x18, 0x03, 0x9F,
    0x00, 0x00, 0xC0, 0x00, 0x00, 0x30, 0x00, 0x00, 0x18, 0x00, 0x00, 0x70,
    0x00, 0x1C, 0x00, 0x03, 0x80, 0x00, 0x00, 0x1F, 0xFF, 0x87, 0x80, 0x00,
    0xC0, 0x00, 0x00, 0x00, 0x00, 0x00, 0x18, 0x00, 0x00, 0x70, 0x00, 0x7C,
    0x00, 0x03, 0x80, 0x00, 0x00, 0x07, 0xFF, 0x83, 0xC0, 0x00, 0xC0, 0x00,
    0x00, 0x00, 0x00, 0x00, 0x18, 0x00, 0x00, 0x70, 0x00, 0x7C, 0x00, 0x07,
    0x80, 0x00, 0x00, 0x07, 0xFF, 0xE0, 0xE0, 0x00, 0xE0, 0x00, 0x00, 0x00,
    0x00, 0x00, 0x70, 0x00, 0x00, 0x70, 0x01, 0xE0, 0x00, 0x06, 0x00, 0x00,
    0x00, 0x00, 0x00, 0xE0, 0xE0, 0x00, 0x30, 0x00, 0x00, 0x00, 0x00, 0x00,
    0x60, 0x00, 0x00, 0x70, 0x01, 0xE0, 0x00, 0x06, 0x00, 0x00, 0x00, 0x00,
    0x00, 0xE0, 0xE0, 0x00, 0x30, 0x00, 0x00, 0x00, 0x00, 0x00, 0x60, 0x00,
    0x00, 0x70, 0x01, 0xC0, 0x00, 0x1E, 0x00, 0x00, 0x00, 0x00, 0x00, 0x18,
    0x18, 0x00, 0x0C, 0x00, 0x00, 0x00, 0x00, 0x01, 0xC0, 0x00, 0x00, 0x70,
    0x0F, 0xC0, 0x00, 0x1E, 0x00, 0x00, 0x00, 0x00, 0x00, 0x18, 0x18, 0x00,
    0x0C, 0x00, 0x00, 0x00, 0x00, 0x01, 0xC0, 0x00, 0x00, 0x70, 0x0F, 0x80,
    0x00, 0x18, 0x00, 0x00, 0x00, 0x00, 0x00, 0x18, 0x18, 0x00, 0x07, 0x00,
    0x00, 0x00, 0x00, 0x07, 0x80, 0x00, 0x00, 0x70, 0x0E, 0x00, 0x00, 0x18,
    0x00, 0x00, 0x00, 0x00, 0x00, 0x18, 0x18, 0x00, 0x07, 0x00, 0x00, 0x00,
    0x00, 0x07, 0x80, 0x00, 0x00, 0x70, 0x0E, 0x00, 0x00, 0x18, 0x00, 0x00,
    0xC0, 0x00, 0x00, 0x18, 0x18, 0x00, 0x07, 0xE0, 0x00, 0x00, 0x00, 0x3F,
    0x00, 0x00, 0x00, 0x70, 0x0E, 0x00, 0x00, 0x38, 0x00, 0x00, 0xC0, 0x00,
    0x00, 0x18, 0x18, 0x00, 0x01, 0xF8, 0x00, 0x00, 0x00, 0x3E, 0x00, 0x00,
    0x00, 0x70, 0x0E, 0x00, 0x00, 0x38, 0x00, 0x00, 0xC0, 0x00, 0x00, 0x18,
    0x18, 0x00, 0x03, 0xF8, 0x00, 0x00, 0x00, 0x3E, 0x00, 0x00, 0x00, 0x70,
    0x0E, 0x00, 0x07, 0xE0, 0x00, 0x00, 0x38, 0x00, 0x00, 0xF0, 0xE0, 0x00,
    0x0F, 0x1F, 0xC0, 0x00, 0x1F, 0xC7, 0xC0, 0x00, 0x00, 0x70, 0x0E, 0x00,
    0x1F, 0xE0, 0x00, 0x00, 0x38, 0x00, 0x00, 0xF0, 0xE0, 0x00, 0x0F, 0x1F,
    0xC0, 0x00, 0x1F, 0xC7, 0xC0, 0x00, 0x00, 0x70, 0x0E, 0x00, 0x18, 0xE0,
    0x00, 0x00, 0x0F, 0x00, 0x07, 0xE0, 0xE0, 0x00, 0x1C, 0x00, 0x3F, 0xFF,
    0xF8, 0x01, 0xE0, 0x00, 0x00, 0x70, 0x0E, 0x00, 0x18, 0xE0, 0x00, 0x00,
    0x0F, 0x00, 0x07, 0xE3, 0x80, 0x00, 0x1C, 0x00, 0x3F, 0xFF, 0xE0, 0x01,
    0xE0, 0x00, 0x00, 0x70, 0x0E, 0x00, 0xE0, 0xE0, 0x00, 0x00, 0x09, 0xFF,
    0xFF, 0xFB, 0x80, 0x00, 0x3F, 0xF8, 0x22, 0x01, 0x80, 0x01, 0xF8, 0x00,
    0x00, 0x70, 0x0E, 0x00, 0xE0, 0xE0, 0x00, 0x00, 0x01, 0xFF, 0xFC, 0x3E,
    0x00, 0x00, 0x3F, 0xF8, 0x00, 0x00, 0x00, 0x00, 0x78, 0x00, 0x00, 0x70,
    0x0E, 0x00, 0xE0, 0xE0, 0x00, 0x00, 0x01, 0xFF, 0xFC, 0x3E, 0x00, 0x00,
    0x3F, 0xF8, 0x00, 0x00, 0x00, 0x28, 0x78, 0x00, 0x00, 0x70, 0x0E, 0x00,
    0xE0, 0xE0, 0x00, 0x00, 0x00, 0x00, 0x00, 0x78, 0x7F, 0xFF, 0xF0, 0x07,
    0xFF, 0xFF, 0xFF, 0xFF, 0xF8, 0x00, 0x00, 0x70, 0x0E, 0x00, 0xE0, 0xE0,
    0x00, 0x00, 0x00, 0x00, 0x00, 0x78, 0x7F, 0xFF, 0xF0, 0x07, 0xFF, 0xFF,
    0xFF, 0xFF, 0xF8, 0x00, 0x00, 0x70, 0x0E, 0x00, 0xE0, 0xE0, 0x00, 0x00,
    0x03, 0xFF, 0x83, 0xFE, 0x08, 0x00, 0xF0, 0x00, 0x00, 0x00, 0x00, 0x00,
    0x7F, 0xF8, 0x00, 0x70, 0x0E, 0x00, 0xE0, 0xE0, 0x00, 0x00, 0x03, 0xFF,
    0x83, 0xFE, 0x08, 0x00, 0xF0, 0x00, 0x00, 0x00, 0x00, 0x00, 0x7F, 0xF8,
    0x00, 0x70, 0x0E, 0x00, 0xE0, 0xE0, 0x00, 0x00, 0x03, 0xFF, 0x83, 0xFE,
    0x08, 0x00, 0xF0, 0x00, 0x00, 0x00, 0x00, 0x00, 0x60, 0x38, 0x00, 0x70,
    0x0E, 0x00, 0xE0, 0xE0, 0x00, 0x00, 0x00, 0x00, 0xFE, 0x0F, 0x86, 0x00,
    0x3C, 0x00, 0x3F, 0xFF, 0xFF, 0xFF, 0xFF, 0xF8, 0x00, 0x70, 0x0E, 0x00,
    0xE0, 0xE0, 0x00, 0x00, 0x00, 0x00, 0xFE, 0x0F, 0x86, 0x00, 0x3C, 0x00,
    0x3F, 0xFF, 0xFF, 0xFF, 0xFF, 0xF8, 0x00, 0x70, 0x0E, 0x00, 0x18, 0x38,
    0x00, 0x00, 0x00, 0x00, 0x1C, 0x03, 0x86, 0x00, 0x0F, 0x00, 0xFF, 0xFF,
    0xFF, 0xFF, 0xFF, 0xF8, 0x00, 0x70, 0x0E, 0x00, 0x38, 0x38, 0x00, 0x00,
    0x00, 0x00, 0x1C, 0x03, 0x80, 0x00, 0x0F, 0x00, 0xFF, 0xFF, 0xFF, 0xFF,
    0xFF, 0xF8, 0x00, 0x70, 0x0E, 0x00, 0x07, 0xF8, 0x00, 0x00, 0x00, 0x00,
    0x18, 0x03, 0x86, 0x0F, 0xC3, 0xE7, 0xFC, 0x00, 0x00, 0x00, 0x00, 0xC0,
    0x00, 0x70, 0x0E, 0x00, 0x07, 0xF8, 0x00, 0x00, 0x00, 0x00, 0x18, 0x03,
    0x86, 0x0F, 0xC3, 0xE7, 0xFC, 0x00, 0x00, 0x00, 0x00, 0xC0, 0x00, 0x70,
    0x0E, 0x00, 0x07, 0xF8, 0x00, 0x00, 0x00, 0x00, 0x1C, 0x03, 0x82, 0x0F,
    0xC1, 0xE7, 0xFC, 0x00, 0x00, 0x00, 0x01, 0xC0, 0x00, 0x70, 0x0E, 0x00,
    0x00, 0x0E, 0x00, 0x00, 0x00, 0x00, 0x1C, 0x03, 0x87, 0xA0, 0x00, 0xE7,
    0xF0, 0xFF, 0xFF, 0x00, 0x07, 0x00, 0x00, 0x70, 0x0E, 0x00, 0x00, 0x0E,
    0x00, 0x00, 0x00, 0x00, 0x1C, 0x03, 0x87, 0xA0, 0x00, 0xE7, 0xF0, 0xFF,
    0xFF, 0x00, 0x07, 0x00, 0x00, 0x70, 0x0E, 0x00, 0x00, 0x0F, 0x80, 0x00,
    0x00, 0x00, 0x1C, 0x0F, 0x87, 0xFF, 0xF3, 0xE7, 0xF0, 0x00, 0x00, 0x01,
    0xFF, 0x00, 0x00, 0x70, 0x0E, 0x00, 0x00, 0x07, 0x80, 0x00, 0x00, 0x00,
    0x1C, 0x0F, 0x87, 0xFF, 0xF3, 0xE7, 0xF0, 0x00, 0x00, 0x01, 0xFF, 0x00,
    0x00, 0x70, 0x0E, 0x00, 0x04, 0x07, 0xE8, 0x00, 0x00, 0x00, 0xFF, 0xFF,
    0xC7, 0xFF, 0xF3, 0xE7, 0xF1, 0xFF, 0xE0, 0x00, 0x07, 0x00, 0x00, 0x70,
    0x0E, 0x00, 0x04, 0x09, 0xF8, 0x00, 0x00, 0x00, 0xFF, 0xFC, 0x40, 0x00,
    0x00, 0xE7, 0xF1, 0xFF, 0xE0, 0x00, 0x07, 0x00, 0x00, 0x70, 0x0E, 0x00,
    0x00, 0x01, 0xF8, 0x00, 0x00, 0x00, 0xFF, 0xFC, 0x40, 0x00, 0x00, 0xE7,
    0xF1, 0xFF, 0xE0, 0x00, 0x07, 0x00, 0x00, 0x70, 0x0E, 0x00, 0x00, 0x36,
    0x1F, 0xFF, 0xFF, 0xFF, 0xFF, 0xE0, 0x3F, 0xFF, 0xFF, 0xFF, 0xF2, 0x00,
    0x1F, 0xBE, 0x41, 0xC0, 0x00, 0x70, 0x0E, 0x00, 0x00, 0x36, 0x1F, 0xFF,
    0xFF, 0xFF, 0xFF, 0xE0, 0x1F, 0xFF, 0xFF, 0xFF, 0xF0, 0x00, 0x1F, 0xFE,
    0xC1, 0xC0, 0x00, 0x70, 0x0F, 0x80, 0x00, 0x00, 0x00, 0x00, 0x00, 0x00,
    0x00, 0x00, 0x00, 0x00, 0x00, 0x07, 0xFC, 0x00, 0x00, 0x00, 0x7F, 0xF8,
    0x00, 0x70, 0x0F, 0x80, 0x00, 0x00, 0x00, 0x00, 0x00, 0x00, 0x00, 0x00,
    0x00, 0x00, 0x00, 0x07, 0xFC, 0x00, 0x00, 0x00, 0x7F, 0xF8, 0x00, 0x70,
    0x0F, 0x80, 0x00, 0x00, 0x00, 0x00, 0x00, 0x02, 0x00, 0x04, 0x21, 0x08,
    0x00, 0xA7, 0xFC, 0x00, 0x00, 0x00, 0x7F, 0xF8, 0x00, 0x70, 0x01, 0xE0,
    0x00, 0x00, 0x00, 0x00, 0x00, 0x00, 0x00, 0x00, 0x00, 0x00, 0x00, 0x00,
    0xFF, 0xFF, 0xFF, 0xFF, 0xFF, 0xF8, 0x00, 0x70, 0x01, 0xE0, 0x00, 0x00,
    0x00, 0x00, 0x00, 0x00, 0x00, 0x00, 0x00, 0x00, 0x00, 0x00, 0xFF, 0xFF,
    0xFF, 0xFF, 0xFF, 0xF8, 0x00, 0x70, 0x00, 0x78, 0x00, 0x00, 0x00, 0x00,
    0x00, 0x00, 0x00, 0x00, 0x00, 0x00, 0x00, 0x00, 0x3F, 0xFF, 0xFE, 0x00,
    0x00, 0x00, 0x01, 0xF0, 0x00, 0x78, 0x00, 0x00, 0x00, 0x00, 0x00, 0x00,
    0x00, 0x00, 0x00, 0x00, 0x00, 0x00, 0x3F, 0xFF, 0xFE, 0x00, 0x1E, 0xE0,
    0x01, 0xF0, 0x00, 0x78, 0x00, 0x00, 0x00, 0x00, 0x00, 0x00, 0x00, 0x00,
    0x00, 0x00, 0x00, 0x00, 0x00, 0x00, 0x00, 0x00, 0x00, 0x00, 0x01, 0x80,
    0x00, 0x1E, 0x00, 0x00, 0x00, 0x00, 0x00, 0x00, 0x00, 0x00, 0x00, 0x00,
    0x00, 0x00, 0x00, 0x00, 0x00, 0x00, 0x00, 0x00, 0x07, 0x80, 0x00, 0x1E,
    0x00, 0x00, 0x00, 0x00, 0x00, 0x00, 0x00, 0x00, 0x00, 0x00, 0x00, 0x00,
    0x00, 0x00, 0x00, 0x00, 0x00, 0x00, 0x07, 0x80, 0x00, 0x07, 0xC0, 0x00,
    0x00, 0x00, 0x00, 0x00, 0x00, 0x00, 0x00, 0x00, 0x00, 0x00, 0x00, 0x00,
    0x00, 0x00, 0x00, 0x00, 0x3E, 0x00, 0x00, 0x07, 0xC0, 0x00, 0x00, 0x00,
    0x00, 0x00, 0x00, 0x00, 0x00, 0x00, 0x00, 0x00, 0x00, 0x00, 0x00, 0x00,
    0x00, 0x00, 0x3E, 0x00, 0x00, 0x00, 0xFF, 0xFF, 0xFF, 0xFF, 0xFF, 0xFF,
    0xFF, 0xFF, 0xFF, 0xFF, 0xFF, 0xFF, 0xFF, 0xFF, 0xFF, 0xFF, 0xFF, 0xFF,
    0xF0, 0x00, 0x00, 0x00, 0xFF, 0xFF, 0xFF, 0xFF, 0xFF, 0xFF, 0xFF, 0xFF,
    0xFF, 0xFF, 0xFF, 0xFF, 0xFF, 0xFF, 0xFF, 0xFF, 0xFF, 0xFF, 0xF0, 0x00,
    0x00, 0x00, 0xFF, 0xFF, 0xFF, 0xFF, 0xFF, 0xFF, 0xFF, 0xFF, 0xFF, 0xFF,
    0xFF, 0xFF, 0xFF, 0xFF, 0xFF, 0xFF, 0xFF, 0xFF, 0xF0, 0x00, 0x00, 0x00,
    0x00, 0x00, 0x00, 0x00, 0x00, 0x00, 0x00, 0x00, 0x00, 0x00, 0x00, 0x00,
    0x00, 0x00, 0x00, 0x00, 0x00, 0x00, 0x00, 0x00, 0x00, 0x00, 0x00, 0x00,
    0x00, 0x00, 0x00, 0x00, 0x00, 0x00, 0x00, 0x00, 0x00, 0x00, 0x00, 0x00,
    0x00, 0x00, 0x00, 0x00, 0x00, 0x00, 0x00, 0x00, 0x00, 0x00, 0x00, 0x00,
    0x00, 0x00, 0x00, 0x00, 0x00, 0x00, 0x00, 0x00, 0x00, 0x00, 0x00, 0x00,
    0x00, 0x00, 0x00, 0x00, 0x00, 0x00, 0x00, 0x00, 0x00, 0x00, 0x00, 0x00,
    0x00, 0x00, 0x00, 0x00, 0x00, 0x00, 0x00, 0x00, 0x00, 0x00, 0x00, 0x00,
    0x00, 0x00, 0x00, 0x00, 0x00, 0x00, 0x00, 0x00, 0x00, 0x00, 0x00, 0x00,
    0x00, 0x00, 0x00, 0x00, 0x00, 0x00, 0x00, 0x00, 0x00, 0x00, 0x00, 0x00,
    0x00, 0x00, 0x00, 0x00, 0x00, 0x00, 0x00, 0x00, 0x00, 0x00, 0x00, 0x00,
    0x00, 0x00, 0x00, 0x00, 0x00, 0x00, 0x00, 0x00, 0x00, 0x00, 0x00, 0x00,
    0x00, 0x00, 0x00, 0x00, 0x00, 0x00, 0x00, 0x00, 0x00, 0x00, 0x00, 0x00,
    0x00, 0x00, 0x00, 0x00, 0x00, 0x00, 0x00, 0x00,
};

constexpr AppLauncherStickerAsset kAnswersAsset = {
    {176, 176, kAnswersGrayData},
    {176, 176, kAnswersBlackData},
};

}  // namespace

const AppLauncherStickerAsset &app_launcher_sticker_asset(
    AppLauncherAssetId id)
{
    switch (id) {
    case AppLauncherAssetId::Pet:
        return kPetAsset;
    case AppLauncherAssetId::Focus:
        return kFocusAsset;
    case AppLauncherAssetId::Status:
        return kStatusAsset;
    case AppLauncherAssetId::Answers:
        return kAnswersAsset;
    }
    return kPetAsset;
}
